{
	"credit": "Made with Blockbench",
	"texture_size": [32, 32],
	"textures": {
		"0": "./sirok1",
		"particle": "./sirok1"
	},
	"elements": [
		{
			"from": [6.3, -1.4, 6],
			"to": [7.6, -0.4, 15],
			"rotation": {"angle": 22.5, "axis": "z", "origin": [0, 0, 0]},
			"faces": {
				"north": {"uv": [3, 5.5, 3.5, 6], "texture": "#0"},
				"east": {"uv": [5, 2, 9.5, 2.5], "texture": "#0"},
				"south": {"uv": [3.5, 5.5, 4, 6], "texture": "#0"},
				"west": {"uv": [5, 2.5, 9.5, 3], "texture": "#0"},
				"up": {"uv": [1.5, 9, 1, 4.5], "texture": "#0"},
				"down": {"uv": [2, 4.5, 1.5, 9], "texture": "#0"}
			}
		},
		{
			"from": [6, 0, 6],
			"to": [10, 2, 15],
			"faces": {
				"north": {"uv": [5, 5, 7, 6], "texture": "#0"},
				"east": {"uv": [4, 0, 8.5, 1], "texture": "#0"},
				"south": {"uv": [5, 6, 7, 7], "texture": "#0"},
				"west": {"uv": [4, 1, 8.5, 2], "texture": "#0"},
				"up": {"uv": [2, 4.5, 0, 0], "texture": "#0"},
				"down": {"uv": [4, 0, 2, 4.5], "texture": "#0"}
			}
		},
		{
			"from": [7.1, 4.7, 6],
			"to": [8.4, 5.7, 15],
			"rotation": {"angle": -22.5, "axis": "z", "origin": [0, 0, 0]},
			"faces": {
				"north": {"uv": [3, 6, 3.5, 6.5], "texture": "#0"},
				"east": {"uv": [5, 3, 9.5, 3.5], "texture": "#0"},
				"south": {"uv": [3.5, 6, 4, 6.5], "texture": "#0"},
				"west": {"uv": [5, 3.5, 9.5, 4], "texture": "#0"},
				"up": {"uv": [2.5, 9, 2, 4.5], "texture": "#0"},
				"down": {"uv": [3, 4.5, 2.5, 9], "texture": "#0"}
			}
		},
		{
			"from": [7, 1.5, 5.999],
			"to": [9, 2.5, 14.998],
			"faces": {
				"north": {"uv": [3, 4.5, 4, 5], "texture": "#0"},
				"east": {"uv": [5, 4, 9.5, 4.5], "texture": "#0"},
				"south": {"uv": [3, 5, 4, 5.5], "texture": "#0"},
				"west": {"uv": [5, 4.5, 9.5, 5], "texture": "#0"},
				"up": {"uv": [5, 6.5, 4, 2], "texture": "#0"},
				"down": {"uv": [1, 4.5, 0, 9], "texture": "#0"}
			}
		}
	],
	"display": {
		"thirdperson_righthand": {
			"rotation": [111.42, -2.45, -90],
			"translation": [6.75, 2.25, 0.75]
		},
		"thirdperson_lefthand": {
			"rotation": [114, 0, -90],
			"translation": [7, 1.75, 2.5]
		},
		"firstperson_righthand": {
			"rotation": [85.3, 28.2, -59.67],
			"translation": [11.5, 5.25, -1.25]
		},
		"firstperson_lefthand": {
			"rotation": [85, 28, -59],
			"translation": [9, 4.75, 0]
		},
		"ground": {
			"translation": [-0.25, 4.5, -3]
		},
		"gui": {
			"rotation": [-13, -152, -13],
			"translation": [0, 13.5, 0],
			"scale": [1.9, 1.9, 1.9]
		},
		"head": {
			"translation": [0, 14.25, -2]
		},
		"fixed": {
			"translation": [0, 7.5, -5]
		}
	},
	"groups": [
		{
			"name": "group",
			"origin": [8, 8, 8],
			"color": 0,
			"children": [0, 1, 2, 3]
		}
	]
}