{
	"credit": "Made with Blockbench",
	"texture_size": [64, 64],
	"textures": {
		"2": "./sirok"
	},
	"elements": [
		{
			"from": [3, 2, 10],
			"to": [4, 2, 11],
			"rotation": {"angle": 0, "axis": "y", "origin": [3.5, 2, 10.5]},
			"faces": {
				"north": {"uv": [0, 0, 0.25, 0], "texture": "#2"},
				"east": {"uv": [0, 0, 0.25, 0], "texture": "#2"},
				"south": {"uv": [0, 0, 0.25, 0], "texture": "#2"},
				"west": {"uv": [0, 0, 0.25, 0], "texture": "#2"},
				"up": {"uv": [8, 3.25, 7.75, 3], "texture": "#2"},
				"down": {"uv": [8, 3.25, 7.75, 3.5], "texture": "#2"}
			}
		},
		{
			"from": [4.76777, 3.85355, 11],
			"to": [6.76777, 4.85355, 11],
			"rotation": {"angle": 22.5, "axis": "z", "origin": [5.26777, 4.35355, 11]},
			"faces": {
				"north": {"uv": [7, 3.5, 7.5, 3.75], "texture": "#2"},
				"east": {"uv": [0, 0, 0, 0.25], "texture": "#2"},
				"south": {"uv": [7, 3.75, 7.5, 4], "texture": "#2"},
				"west": {"uv": [0, 0, 0, 0.25], "texture": "#2"},
				"up": {"uv": [0.5, 0, 0, 0], "texture": "#2"},
				"down": {"uv": [0.5, 0, 0, 0], "texture": "#2"}
			}
		},
		{
			"from": [9.5, 0, 8.5],
			"to": [10.5, 0, 10.5],
			"rotation": {"angle": 0, "axis": "y", "origin": [10.5, 3, 10]},
			"faces": {
				"north": {"uv": [0, 0, 0.25, 0], "texture": "#2"},
				"east": {"uv": [0, 0, 0.5, 0], "texture": "#2"},
				"south": {"uv": [0, 0, 0.25, 0], "texture": "#2"},
				"west": {"uv": [0, 0, 0.5, 0], "texture": "#2"},
				"up": {"uv": [4.75, 7.5, 4.5, 7], "texture": "#2"},
				"down": {"uv": [5, 7, 4.75, 7.5], "texture": "#2"}
			}
		},
		{
			"from": [9.5, 0, 10.5],
			"to": [10.5, 2, 10.5],
			"rotation": {"angle": 0, "axis": "y", "origin": [10.5, 3, 10]},
			"faces": {
				"north": {"uv": [7, 6.5, 7.25, 7], "texture": "#2"},
				"east": {"uv": [0, 0, 0, 0.5], "texture": "#2"},
				"south": {"uv": [7, 7, 7.25, 7.5], "texture": "#2"},
				"west": {"uv": [0, 0, 0, 0.5], "texture": "#2"},
				"up": {"uv": [0.25, 0, 0, 0], "texture": "#2"},
				"down": {"uv": [0.25, 0, 0, 0], "texture": "#2"}
			}
		},
		{
			"from": [4, 3, 11],
			"to": [5, 5, 11],
			"rotation": {"angle": -45, "axis": "z", "origin": [3.5, 4, 11]},
			"faces": {
				"north": {"uv": [7.25, 6.5, 7.5, 7], "texture": "#2"},
				"east": {"uv": [0, 0, 0, 0.5], "texture": "#2"},
				"south": {"uv": [7.25, 7, 7.5, 7.5], "texture": "#2"},
				"west": {"uv": [0, 0, 0, 0.5], "texture": "#2"},
				"up": {"uv": [0.25, 0, 0, 0], "texture": "#2"},
				"down": {"uv": [0.25, 0, 0, 0], "texture": "#2"}
			}
		},
		{
			"from": [3, 0, 11],
			"to": [4, 2, 11],
			"faces": {
				"north": {"uv": [7.5, 3.5, 7.75, 4], "texture": "#2"},
				"east": {"uv": [0, 0, 0, 0.5], "texture": "#2"},
				"south": {"uv": [4.5, 7.5, 4.75, 8], "texture": "#2"},
				"west": {"uv": [0, 0, 0, 0.5], "texture": "#2"},
				"up": {"uv": [0.25, 0, 0, 0], "texture": "#2"},
				"down": {"uv": [0.25, 0, 0, 0], "texture": "#2"}
			}
		},
		{
			"from": [6, 5.5, 15.5],
			"to": [8, 6.5, 15.5],
			"rotation": {"angle": 22.5, "axis": "x", "origin": [7, 2, 3.5]},
			"faces": {
				"north": {"uv": [4.75, 7.5, 5.25, 7.75], "texture": "#2"},
				"east": {"uv": [0, 0, 0, 0.25], "texture": "#2"},
				"south": {"uv": [5.25, 7.5, 5.75, 7.75], "texture": "#2"},
				"west": {"uv": [0, 0, 0, 0.25], "texture": "#2"},
				"up": {"uv": [0.5, 0, 0, 0], "texture": "#2"},
				"down": {"uv": [0.5, 0, 0, 0], "texture": "#2"}
			}
		},
		{
			"from": [6, -0.83795, 14.03495],
			"to": [8, 1.16205, 14.03495],
			"rotation": {"angle": -22.5, "axis": "x", "origin": [7, 6, 9.5]},
			"faces": {
				"north": {"uv": [6.5, 3.5, 7, 4], "texture": "#2"},
				"east": {"uv": [0, 0, 0, 0.5], "texture": "#2"},
				"south": {"uv": [4.5, 6.5, 5, 7], "texture": "#2"},
				"west": {"uv": [0, 0, 0, 0.5], "texture": "#2"},
				"up": {"uv": [0.5, 0, 0, 0], "texture": "#2"},
				"down": {"uv": [0.5, 0, 0, 0], "texture": "#2"}
			}
		},
		{
			"from": [6, 4, -0.2],
			"to": [8, 5, 16],
			"rotation": {"angle": -22.5, "axis": "z", "origin": [7, 2, 8]},
			"faces": {
				"north": {"uv": [5.75, 7.5, 6.25, 7.75], "texture": "#2"},
				"east": {"uv": [5, 4, 9, 4.25], "texture": "#2"},
				"south": {"uv": [6.25, 7.5, 6.75, 7.75], "texture": "#2"},
				"west": {"uv": [5, 4.25, 9, 4.5], "texture": "#2"},
				"up": {"uv": [1.5, 8, 1, 4], "texture": "#2"},
				"down": {"uv": [2, 4, 1.5, 8], "texture": "#2"}
			}
		},
		{
			"from": [6, 4, -0.2],
			"to": [8, 5, 16],
			"rotation": {"angle": 22.5, "axis": "z", "origin": [7, 2, 8]},
			"faces": {
				"north": {"uv": [7.5, 6.5, 8, 6.75], "texture": "#2"},
				"east": {"uv": [5, 4.5, 9, 4.75], "texture": "#2"},
				"south": {"uv": [6.75, 7.5, 7.25, 7.75], "texture": "#2"},
				"west": {"uv": [5, 4.75, 9, 5], "texture": "#2"},
				"up": {"uv": [4.5, 5.5, 4, 1.5], "texture": "#2"},
				"down": {"uv": [2.5, 4, 2, 8], "texture": "#2"}
			}
		},
		{
			"from": [6, 4, -0.2],
			"to": [8, 5, 16],
			"rotation": {"angle": 0, "axis": "y", "origin": [7, 2, 8]},
			"faces": {
				"north": {"uv": [7.5, 6.75, 8, 7], "texture": "#2"},
				"east": {"uv": [5, 5, 9, 5.25], "texture": "#2"},
				"south": {"uv": [7.5, 7, 8, 7.25], "texture": "#2"},
				"west": {"uv": [5, 5.25, 9, 5.5], "texture": "#2"},
				"up": {"uv": [3, 8, 2.5, 4], "texture": "#2"},
				"down": {"uv": [3.5, 4, 3, 8], "texture": "#2"}
			}
		},
		{
			"from": [9, 0, -0.2],
			"to": [10, 2, 16],
			"rotation": {"angle": 45, "axis": "z", "origin": [7, 2, 8]},
			"faces": {
				"north": {"uv": [7.25, 7.5, 7.5, 8], "texture": "#2"},
				"east": {"uv": [4.5, 1.5, 8.5, 2], "texture": "#2"},
				"south": {"uv": [7.5, 7.25, 7.75, 7.75], "texture": "#2"},
				"west": {"uv": [4.5, 2, 8.5, 2.5], "texture": "#2"},
				"up": {"uv": [4.25, 9.5, 4, 5.5], "texture": "#2"},
				"down": {"uv": [4.5, 5.5, 4.25, 9.5], "texture": "#2"}
			}
		},
		{
			"from": [5, 4, -0.2],
			"to": [7, 5, 16],
			"rotation": {"angle": 45, "axis": "z", "origin": [7, 2, 8]},
			"faces": {
				"north": {"uv": [7.75, 2.5, 8.25, 2.75], "texture": "#2"},
				"east": {"uv": [5, 5.5, 9, 5.75], "texture": "#2"},
				"south": {"uv": [7.75, 2.75, 8.25, 3], "texture": "#2"},
				"west": {"uv": [5, 5.75, 9, 6], "texture": "#2"},
				"up": {"uv": [4, 8, 3.5, 4], "texture": "#2"},
				"down": {"uv": [5, 2.5, 4.5, 6.5], "texture": "#2"}
			}
		},
		{
			"from": [4, 0, -0.1],
			"to": [10, 3, 15.9],
			"faces": {
				"north": {"uv": [5, 2.5, 6.5, 3.25], "texture": "#2"},
				"east": {"uv": [4, 0, 8, 0.75], "texture": "#2"},
				"south": {"uv": [5, 3.25, 6.5, 4], "texture": "#2"},
				"west": {"uv": [4, 0.75, 8, 1.5], "texture": "#2"},
				"up": {"uv": [1.5, 4, 0, 0], "texture": "#2"},
				"down": {"uv": [3, 0, 1.5, 4], "texture": "#2"}
			}
		},
		{
			"from": [5.2, 3, -0.1],
			"to": [8.85, 4, 15.9],
			"faces": {
				"north": {"uv": [5, 6.5, 6, 6.75], "texture": "#2"},
				"east": {"uv": [5, 6, 9, 6.25], "texture": "#2"},
				"south": {"uv": [6, 6.5, 7, 6.75], "texture": "#2"},
				"west": {"uv": [5, 6.25, 9, 6.5], "texture": "#2"},
				"up": {"uv": [4, 4, 3, 0], "texture": "#2"},
				"down": {"uv": [1, 4, 0, 8], "texture": "#2"}
			}
		},
		{
			"from": [4, 0, 15.9],
			"to": [4.4, 3, 15.95],
			"faces": {
				"north": {"uv": [5, 6.75, 5.25, 7.5], "texture": "#2"},
				"east": {"uv": [5.25, 6.75, 5.5, 7.5], "texture": "#2"},
				"south": {"uv": [5.5, 6.75, 5.75, 7.5], "texture": "#2"},
				"west": {"uv": [5.75, 6.75, 6, 7.5], "texture": "#2"},
				"up": {"uv": [8, 3.75, 7.75, 3.5], "texture": "#2"},
				"down": {"uv": [8, 3.75, 7.75, 4], "texture": "#2"}
			}
		},
		{
			"from": [4.4, 0, 15.9],
			"to": [9.6, 0.5, 15.95],
			"faces": {
				"north": {"uv": [6.5, 2.5, 7.75, 2.75], "texture": "#2"},
				"east": {"uv": [4.75, 7.75, 5, 8], "texture": "#2"},
				"south": {"uv": [6.5, 2.75, 7.75, 3], "texture": "#2"},
				"west": {"uv": [5, 7.75, 5.25, 8], "texture": "#2"},
				"up": {"uv": [7.75, 3.25, 6.5, 3], "texture": "#2"},
				"down": {"uv": [7.75, 3.25, 6.5, 3.5], "texture": "#2"}
			}
		},
		{
			"from": [4.4, 0.5, 15.9],
			"to": [4.9, 1, 15.95],
			"faces": {
				"north": {"uv": [5.25, 7.75, 5.5, 8], "texture": "#2"},
				"east": {"uv": [5.5, 7.75, 5.75, 8], "texture": "#2"},
				"south": {"uv": [5.75, 7.75, 6, 8], "texture": "#2"},
				"west": {"uv": [6, 7.75, 6.25, 8], "texture": "#2"},
				"up": {"uv": [6.5, 8, 6.25, 7.75], "texture": "#2"},
				"down": {"uv": [6.75, 7.75, 6.5, 8], "texture": "#2"}
			}
		},
		{
			"from": [9.1, 0.5, 15.9],
			"to": [9.6, 1, 15.95],
			"faces": {
				"north": {"uv": [6.75, 7.75, 7, 8], "texture": "#2"},
				"east": {"uv": [7, 7.75, 7.25, 8], "texture": "#2"},
				"south": {"uv": [7.75, 7.25, 8, 7.5], "texture": "#2"},
				"west": {"uv": [7.5, 7.75, 7.75, 8], "texture": "#2"},
				"up": {"uv": [8, 7.75, 7.75, 7.5], "texture": "#2"},
				"down": {"uv": [8, 7.75, 7.75, 8], "texture": "#2"}
			}
		},
		{
			"from": [9.6, 0, 15.9],
			"to": [10, 3, 15.95],
			"faces": {
				"north": {"uv": [6, 6.75, 6.25, 7.5], "texture": "#2"},
				"east": {"uv": [6.25, 6.75, 6.5, 7.5], "texture": "#2"},
				"south": {"uv": [6.5, 6.75, 6.75, 7.5], "texture": "#2"},
				"west": {"uv": [6.75, 6.75, 7, 7.5], "texture": "#2"},
				"up": {"uv": [0.25, 8.25, 0, 8], "texture": "#2"},
				"down": {"uv": [8.25, 0, 8, 0.25], "texture": "#2"}
			}
		}
	],
	"display": {
		"thirdperson_righthand": {
			"rotation": [-65.07, -23.86, -47.25],
			"translation": [1, 1.75, 0.25],
			"scale": [0.3, 0.3, 0.3]
		},
		"thirdperson_lefthand": {
			"rotation": [-65.07, -23.86, -47.25],
			"translation": [1, 1.75, 0.25],
			"scale": [0.3, 0.3, 0.3]
		},
		"firstperson_righthand": {
			"rotation": [-66.83, -27.86, -52.22],
			"translation": [0.75, 3.75, 2],
			"scale": [0.6, 0.6, 0.6]
		},
		"firstperson_lefthand": {
			"rotation": [-66.83, -27.86, -52.22],
			"translation": [0, 3.75, 1.5],
			"scale": [0.6, 0.6, 0.6]
		},
		"ground": {
			"scale": [0.4, 0.4, 0.4]
		},
		"gui": {
			"rotation": [19.9, -27.63, 8.96],
			"translation": [0, 4.75, 0]
		},
		"head": {
			"rotation": [-180, 40.25, -180],
			"translation": [0, 9.5, 0],
			"scale": [0.4, 0.4, 0.4]
		},
		"fixed": {
			"rotation": [90, 90, -180],
			"translation": [-0.75, 0, -5.25],
			"scale": [0.8, 0.8, 0.8]
		}
	},
	"groups": [
		{
			"name": "yjhv cshjr",
			"origin": [0, 0, 0],
			"color": 0,
			"children": [0, 1, 2, 3, 4, 5, 6, 7, 8, 9, 10, 11, 12, 13, 14, 15, 16, 17, 18, 19]
		}
	]
}