{
	"credit": "Made with Blockbench",
	"texture_size": [32, 32],
	"textures": {
		"0": "./box",
		"1": "./character_nevos",
		"particle": "./box"
	},
	"elements": [
		{
			"from": [11, 0, 2],
			"to": [16, 21, 3],
			"rotation": {"angle": 0, "axis": "y", "origin": [8, 10.5, 8]},
			"faces": {
				"north": {"uv": [3, 5.5, 4.25, 16], "texture": "#0"},
				"east": {"uv": [2.75, 5.5, 3, 16], "texture": "#0"},
				"south": {"uv": [9, 5.5, 10.25, 16], "texture": "#0"},
				"west": {"uv": [4.25, 5.5, 4, 16], "texture": "#0"},
				"up": {"uv": [4.25, 6, 3, 5.5], "texture": "#0"},
				"down": {"uv": [4.25, 15.5, 3, 16], "texture": "#0"}
			}
		},
		{
			"from": [0, 0, 2],
			"to": [11, 4, 3],
			"rotation": {"angle": 0, "axis": "y", "origin": [8, 10.5, 8]},
			"faces": {
				"north": {"uv": [4.25, 14, 7, 16], "texture": "#0"},
				"east": {"uv": [4.5, 14, 4.25, 16], "texture": "#0"},
				"south": {"uv": [4.25, 14, 7, 16], "texture": "#0"},
				"west": {"uv": [6.75, 14, 7, 16], "texture": "#0"},
				"up": {"uv": [4.25, 14, 7, 14.5], "texture": "#0"},
				"down": {"uv": [4.25, 15.5, 7, 16], "texture": "#0"}
			}
		},
		{
			"from": [1, 0, 13],
			"to": [15, 21, 14],
			"rotation": {"angle": 0, "axis": "y", "origin": [8, 10.5, 8]},
			"faces": {
				"north": {"uv": [12, 15, 12.5, 15.5], "texture": "#0"},
				"east": {"uv": [10, 5.5, 10.25, 16], "texture": "#0"},
				"south": {"uv": [10.25, 5.5, 13.75, 16], "texture": "#0"},
				"west": {"uv": [13.75, 5.5, 14, 16], "texture": "#0"},
				"up": {"uv": [10.25, 5.5, 14, 6], "texture": "#0"},
				"down": {"uv": [10.25, 15.5, 14, 16], "texture": "#0"}
			}
		},
		{
			"from": [0, 17, 2],
			"to": [11, 21, 3],
			"rotation": {"angle": 0, "axis": "y", "origin": [8, 10.5, 8]},
			"faces": {
				"north": {"uv": [4, 5.5, 7, 7.5], "texture": "#0"},
				"east": {"uv": [6.75, 5.5, 7, 7.5], "texture": "#0"},
				"south": {"uv": [4, 5.5, 7, 7.5], "texture": "#0"},
				"west": {"uv": [6.75, 5.5, 7, 7.5], "texture": "#0"},
				"up": {"uv": [4, 5.5, 6.75, 6], "texture": "#0"},
				"down": {"uv": [4, 7, 7, 7.5], "texture": "#0"}
			}
		},
		{
			"from": [0, 0, 3],
			"to": [1, 4, 10],
			"rotation": {"angle": 0, "axis": "y", "origin": [8, 10.5, 8]},
			"faces": {
				"north": {"uv": [8.75, 14, 9, 16], "texture": "#0"},
				"east": {"uv": [6.75, 14, 9, 16], "texture": "#0"},
				"south": {"uv": [6.75, 14, 7, 16], "texture": "#0"},
				"west": {"uv": [6.75, 14, 9, 16], "texture": "#0"},
				"up": {"uv": [6.75, 14, 9, 14.5], "texture": "#0"},
				"down": {"uv": [6.75, 15.5, 9, 16], "texture": "#0"}
			}
		},
		{
			"from": [15, 0, 3],
			"to": [16, 21, 14],
			"rotation": {"angle": 0, "axis": "y", "origin": [8, 10.5, 8]},
			"faces": {
				"north": {"uv": [2.75, 5.5, 3, 16], "texture": "#0"},
				"east": {"uv": [0, 5.5, 2.75, 16], "texture": "#0"},
				"south": {"uv": [0, 5.5, 0.25, 16], "texture": "#0"},
				"west": {"uv": [0, 5.5, 2.75, 16], "texture": "#0"},
				"up": {"uv": [0, 5.5, 3, 6], "texture": "#0"},
				"down": {"uv": [0, 15.5, 2.75, 16], "texture": "#0"}
			}
		},
		{
			"from": [0, 17, 3],
			"to": [1, 21, 10],
			"rotation": {"angle": 0, "axis": "y", "origin": [8, 10.5, 8]},
			"faces": {
				"north": {"uv": [6.75, 5.5, 7, 7.5], "texture": "#0"},
				"east": {"uv": [6.75, 5.5, 9, 7.5], "texture": "#0"},
				"south": {"uv": [8.75, 5.5, 9, 7.5], "texture": "#0"},
				"west": {"uv": [7, 5.5, 9, 7.5], "texture": "#0"},
				"up": {"uv": [6.75, 5.5, 9, 6], "texture": "#0"},
				"down": {"uv": [6.75, 7, 9, 7.5], "texture": "#0"}
			}
		},
		{
			"from": [0, 0, 10],
			"to": [1, 21, 14],
			"rotation": {"angle": 0, "axis": "y", "origin": [8, 10.5, 8]},
			"faces": {
				"north": {"uv": [9, 6, 9.25, 16], "texture": "#0"},
				"east": {"uv": [9, 6, 10.25, 16], "texture": "#0"},
				"south": {"uv": [9.75, 6, 10, 16], "texture": "#0"},
				"west": {"uv": [9, 6, 10.25, 16], "texture": "#0"},
				"up": {"uv": [9, 6, 10.25, 6.5], "texture": "#0"},
				"down": {"uv": [10.25, 15.5, 9, 16], "texture": "#0"}
			}
		},
		{
			"from": [1, 21, 3],
			"to": [15, 21, 13],
			"rotation": {"angle": 0, "axis": "y", "origin": [8, 10.5, 8]},
			"faces": {
				"north": {"uv": [6.75, 5, 10.25, 5.5], "texture": "#0"},
				"east": {"uv": [6.75, 0.5, 10.25, 1], "texture": "#0"},
				"south": {"uv": [6.75, 5.5, 10.25, 5], "texture": "#0"},
				"west": {"uv": [6.75, 0.5, 10.25, 1], "texture": "#0"},
				"up": {"uv": [7, 1, 10, 5], "texture": "#0"},
				"down": {"uv": [7, 1, 10, 5], "texture": "#0"}
			}
		},
		{
			"from": [1, 0, 3],
			"to": [15, 0, 13],
			"rotation": {"angle": 0, "axis": "y", "origin": [8, 10.5, 8]},
			"faces": {
				"north": {"uv": [6.75, 5, 10.25, 5.5], "texture": "#0"},
				"east": {"uv": [6.75, 0.5, 10.25, 1], "texture": "#0"},
				"south": {"uv": [6.75, 5.5, 10.25, 5], "texture": "#0"},
				"west": {"uv": [6.75, 0.5, 10.25, 1], "texture": "#0"},
				"up": {"uv": [3.25, 1, 6.25, 5], "texture": "#0"},
				"down": {"uv": [3.25, 1, 6.25, 5], "texture": "#0"}
			}
		},
		{
			"from": [4, 0.4, 7],
			"to": [6, 4.4, 9],
			"rotation": {"angle": 0, "axis": "y", "origin": [6, 7.4, 8]},
			"faces": {
				"north": {"uv": [12.5, 9, 13.5, 11], "texture": "#1"},
				"east": {"uv": [11.5, 9, 12.5, 11], "texture": "#1"},
				"south": {"uv": [14.5, 9, 15.5, 11], "texture": "#1"},
				"west": {"uv": [13.5, 9, 14.5, 11], "texture": "#1"},
				"up": {"uv": [12.5, 8, 13.5, 9], "texture": "#1"},
				"down": {"uv": [13.5, 8, 14.5, 9], "texture": "#1"}
			}
		},
		{
			"from": [6, 0.4, 7],
			"to": [8, 4.4, 9],
			"rotation": {"angle": 0, "axis": "y", "origin": [6, 7.4, 8]},
			"faces": {
				"north": {"uv": [12.5, 9, 13.5, 11], "texture": "#1"},
				"east": {"uv": [11.5, 9, 12.5, 11], "texture": "#1"},
				"south": {"uv": [14.5, 9, 15.5, 11], "texture": "#1"},
				"west": {"uv": [13.5, 9, 14.5, 11], "texture": "#1"},
				"up": {"uv": [12.5, 8, 13.5, 9], "texture": "#1"},
				"down": {"uv": [13.5, 8, 14.5, 9], "texture": "#1"}
			}
		},
		{
			"from": [2, 4.4, 7],
			"to": [4, 8.4, 9],
			"rotation": {"angle": 0, "axis": "y", "origin": [6, 7.4, 8]},
			"faces": {
				"north": {"uv": [8, 9, 9, 11], "texture": "#1"},
				"east": {"uv": [7, 9, 8, 11], "texture": "#1"},
				"south": {"uv": [10, 9, 11, 11], "texture": "#1"},
				"west": {"uv": [9, 9, 10, 11], "texture": "#1"},
				"up": {"uv": [8, 8, 9, 9], "texture": "#1"},
				"down": {"uv": [9, 8, 10, 9], "texture": "#1"}
			}
		},
		{
			"from": [8, 4.4, 7],
			"to": [10, 8.4, 9],
			"rotation": {"angle": 0, "axis": "y", "origin": [6, 7.4, 8]},
			"faces": {
				"north": {"uv": [8, 9, 9, 11], "texture": "#1"},
				"east": {"uv": [7, 9, 8, 11], "texture": "#1"},
				"south": {"uv": [10, 9, 11, 11], "texture": "#1"},
				"west": {"uv": [9, 9, 10, 11], "texture": "#1"},
				"up": {"uv": [8, 8, 9, 9], "texture": "#1"},
				"down": {"uv": [9, 8, 10, 9], "texture": "#1"}
			}
		},
		{
			"from": [4, 4.4, 7],
			"to": [8, 8.4, 9],
			"rotation": {"angle": 0, "axis": "y", "origin": [6, 7.4, 8]},
			"faces": {
				"north": {"uv": [1, 9, 3, 11], "texture": "#1"},
				"east": {"uv": [0, 9, 1, 11], "texture": "#1"},
				"south": {"uv": [4, 9, 6, 11], "texture": "#1"},
				"west": {"uv": [3, 9, 4, 11], "texture": "#1"},
				"up": {"uv": [1, 9, 3, 8], "texture": "#1"},
				"down": {"uv": [4, 8, 6, 9], "texture": "#1"}
			}
		},
		{
			"from": [2, 8.4, 4],
			"to": [10, 16.4, 12],
			"rotation": {"angle": 0, "axis": "y", "origin": [6, 7.4, 8]},
			"faces": {
				"north": {"uv": [4, 4, 8, 8], "texture": "#1"},
				"east": {"uv": [0, 4, 4, 8], "texture": "#1"},
				"south": {"uv": [12, 4, 16, 8], "texture": "#1"},
				"west": {"uv": [8, 4, 12, 8], "texture": "#1"},
				"up": {"uv": [4, 0, 8, 4], "texture": "#1"},
				"down": {"uv": [8, 0, 12, 4], "texture": "#1"}
			}
		}
	],
	"display": {
		"thirdperson_righthand": {
			"rotation": [75, 45, 0],
			"translation": [0, 2.5, 0],
			"scale": [0.375, 0.375, 0.375]
		},
		"thirdperson_lefthand": {
			"rotation": [75, 45, 0],
			"translation": [0, 2.5, 0],
			"scale": [0.375, 0.375, 0.375]
		},
		"firstperson_righthand": {
			"rotation": [0, 45, 0],
			"scale": [0.4, 0.4, 0.4]
		},
		"firstperson_lefthand": {
			"rotation": [0, 225, 0],
			"scale": [0.4, 0.4, 0.4]
		},
		"ground": {
			"translation": [0, 3, 0],
			"scale": [0.25, 0.25, 0.25]
		},
		"gui": {
			"rotation": [30, 225, 0],
			"scale": [0.625, 0.625, 0.625]
		},
		"head": {
			"translation": [0, 14.75, 0]
		},
		"fixed": {
			"rotation": [-90, 0, 0],
			"translation": [0, 0, -8.25]
		}
	},
	"groups": [
		{
			"name": "box",
			"origin": [8, 8, 8],
			"color": 0,
			"children": [0, 1, 2, 3, 4, 5, 6, 7, 8, 9]
		},
		{
			"name": "character",
			"origin": [0, 0, 0],
			"color": 0,
			"children": [10, 11, 12, 13, 14, 15]
		}
	]
}