{
	"credit": "Made with Blockbench",
	"texture_size": [64, 64],
	"textures": {
		"0": "./roomba",
		"particle": "./roomba"
	},
	"elements": [
		{
			"from": [3, 0, 1],
			"to": [13, 4, 3],
			"rotation": {"angle": 0, "axis": "y", "origin": [7.55, 2.4, 8]},
			"faces": {
				"north": {"uv": [2.5, 0, 5, 1], "texture": "#0"},
				"east": {"uv": [8.25, 0.75, 8.75, 1.75], "texture": "#0"},
				"south": {"uv": [2.5, 1, 5, 2], "texture": "#0"},
				"west": {"uv": [8.25, 1.75, 8.75, 2.75], "texture": "#0"},
				"up": {"uv": [7.5, 5.5, 5, 5], "texture": "#0"},
				"down": {"uv": [7.5, 5.5, 5, 6], "texture": "#0"}
			}
		},
		{
			"from": [3, 0, 3],
			"to": [13, 4, 13],
			"rotation": {"angle": 0, "axis": "y", "origin": [7.55, 2.4, 8]},
			"faces": {
				"north": {"uv": [2.5, 2, 5, 3], "texture": "#0"},
				"east": {"uv": [2.5, 3, 5, 4], "texture": "#0"},
				"south": {"uv": [2.5, 4, 5, 5], "texture": "#0"},
				"west": {"uv": [0, 5, 2.5, 6], "texture": "#0"},
				"up": {"uv": [2.5, 2.5, 0, 0], "texture": "#0"},
				"down": {"uv": [2.5, 2.5, 0, 5], "texture": "#0"}
			}
		},
		{
			"from": [1.2, 0, 3],
			"to": [3, 4, 13],
			"rotation": {"angle": 0, "axis": "y", "origin": [7.55, 2.4, 8]},
			"faces": {
				"north": {"uv": [8.25, 2.75, 8.75, 3.75], "texture": "#0"},
				"east": {"uv": [5, 0, 7.5, 1], "texture": "#0"},
				"south": {"uv": [8.25, 3.75, 8.75, 4.75], "texture": "#0"},
				"west": {"uv": [5, 1, 7.5, 2], "texture": "#0"},
				"up": {"uv": [0.5, 8.5, 0, 6], "texture": "#0"},
				"down": {"uv": [1, 6, 0.5, 8.5], "texture": "#0"}
			}
		},
		{
			"from": [13, 0, 3],
			"to": [15, 4, 13],
			"rotation": {"angle": 0, "axis": "y", "origin": [7.55, 2.4, 8]},
			"faces": {
				"north": {"uv": [8.25, 4.75, 8.75, 5.75], "texture": "#0"},
				"east": {"uv": [5, 2, 7.5, 3], "texture": "#0"},
				"south": {"uv": [8, 8.25, 8.5, 9.25], "texture": "#0"},
				"west": {"uv": [2.5, 5, 5, 6], "texture": "#0"},
				"up": {"uv": [1.5, 8.5, 1, 6], "texture": "#0"},
				"down": {"uv": [2, 6, 1.5, 8.5], "texture": "#0"}
			}
		},
		{
			"from": [3, 0, 13],
			"to": [13, 4, 15],
			"rotation": {"angle": 0, "axis": "y", "origin": [7.55, 2.4, 8]},
			"faces": {
				"north": {"uv": [5, 3, 7.5, 4], "texture": "#0"},
				"east": {"uv": [0, 8.5, 0.5, 9.5], "texture": "#0"},
				"south": {"uv": [5, 4, 7.5, 5], "texture": "#0"},
				"west": {"uv": [0.5, 8.5, 1, 9.5], "texture": "#0"},
				"up": {"uv": [4.5, 6.5, 2, 6], "texture": "#0"},
				"down": {"uv": [7, 6, 4.5, 6.5], "texture": "#0"}
			}
		},
		{
			"from": [14.42556, 0, 6.12444],
			"to": [16.42556, 3.999, 9.22444],
			"rotation": {"angle": -45, "axis": "y", "origin": [7.55, 2.4, 8]},
			"faces": {
				"north": {"uv": [1, 8.5, 1.5, 9.5], "texture": "#0"},
				"east": {"uv": [7, 6, 7.75, 7], "texture": "#0"},
				"south": {"uv": [1.5, 8.5, 2, 9.5], "texture": "#0"},
				"west": {"uv": [3, 7.5, 3.75, 8.5], "texture": "#0"},
				"up": {"uv": [6.5, 9.25, 6, 8.5], "texture": "#0"},
				"down": {"uv": [7, 8.5, 6.5, 9.25], "texture": "#0"}
			}
		},
		{
			"from": [-0.57444, 0, 6.12444],
			"to": [1.42556, 3.999, 9.22444],
			"rotation": {"angle": -45, "axis": "y", "origin": [7.55, 2.4, 8]},
			"faces": {
				"north": {"uv": [3, 8.5, 3.5, 9.5], "texture": "#0"},
				"east": {"uv": [3.75, 7.5, 4.5, 8.5], "texture": "#0"},
				"south": {"uv": [3.5, 8.5, 4, 9.5], "texture": "#0"},
				"west": {"uv": [4.5, 7.5, 5.25, 8.5], "texture": "#0"},
				"up": {"uv": [7.5, 9.25, 7, 8.5], "texture": "#0"},
				"down": {"uv": [9, 8.25, 8.5, 9], "texture": "#0"}
			}
		},
		{
			"from": [6.37556, 0, 14.17445],
			"to": [9.47556, 3.999, 16.17445],
			"rotation": {"angle": -45, "axis": "y", "origin": [7.55, 2.4, 8]},
			"faces": {
				"north": {"uv": [7.5, 5, 8.25, 6], "texture": "#0"},
				"east": {"uv": [4, 8.5, 4.5, 9.5], "texture": "#0"},
				"south": {"uv": [5.25, 7.5, 6, 8.5], "texture": "#0"},
				"west": {"uv": [4.5, 8.5, 5, 9.5], "texture": "#0"},
				"up": {"uv": [9.5, 1.25, 8.75, 0.75], "texture": "#0"},
				"down": {"uv": [9.5, 1.25, 8.75, 1.75], "texture": "#0"}
			}
		},
		{
			"from": [6.37556, 0, -0.82555],
			"to": [9.47556, 3.999, 1.17445],
			"rotation": {"angle": -45, "axis": "y", "origin": [7.55, 2.4, 8]},
			"faces": {
				"north": {"uv": [6, 7.5, 6.75, 8.5], "texture": "#0"},
				"east": {"uv": [5, 8.5, 5.5, 9.5], "texture": "#0"},
				"south": {"uv": [6.75, 7.5, 7.5, 8.5], "texture": "#0"},
				"west": {"uv": [5.5, 8.5, 6, 9.5], "texture": "#0"},
				"up": {"uv": [9.5, 2.25, 8.75, 1.75], "texture": "#0"},
				"down": {"uv": [9.5, 2.25, 8.75, 2.75], "texture": "#0"}
			}
		},
		{
			"from": [1, 0, 3],
			"to": [1.2, 1, 13],
			"rotation": {"angle": 0, "axis": "y", "origin": [7.55, 2.4, 8]},
			"faces": {
				"north": {"uv": [9.5, 2.5, 9.75, 2.75], "texture": "#0"},
				"east": {"uv": [7.5, 7.5, 10, 7.75], "texture": "#0"},
				"south": {"uv": [5.75, 9.5, 6, 9.75], "texture": "#0"},
				"west": {"uv": [7.75, 6, 10.25, 6.25], "texture": "#0"},
				"up": {"uv": [7.75, 10.25, 7.5, 7.75], "texture": "#0"},
				"down": {"uv": [8, 7.75, 7.75, 10.25], "texture": "#0"}
			}
		},
		{
			"from": [1, 3.5, 3],
			"to": [1.2, 4, 13],
			"rotation": {"angle": 0, "axis": "y", "origin": [7.55, 2.4, 8]},
			"faces": {
				"north": {"uv": [6, 9.5, 6.25, 9.75], "texture": "#0"},
				"east": {"uv": [7.75, 6.25, 10.25, 6.5], "texture": "#0"},
				"south": {"uv": [6.25, 9.5, 6.5, 9.75], "texture": "#0"},
				"west": {"uv": [7.75, 6.5, 10.25, 6.75], "texture": "#0"},
				"up": {"uv": [8.25, 2.5, 8, 0], "texture": "#0"},
				"down": {"uv": [8.25, 2.5, 8, 5], "texture": "#0"}
			}
		},
		{
			"from": [3, 4, 13],
			"to": [13, 4.5, 15],
			"rotation": {"angle": 0, "axis": "y", "origin": [7.55, 2.4, 8]},
			"faces": {
				"north": {"uv": [7.75, 6.75, 10.25, 7], "texture": "#0"},
				"east": {"uv": [9.25, 5, 9.75, 5.25], "texture": "#0"},
				"south": {"uv": [8, 7, 10.5, 7.25], "texture": "#0"},
				"west": {"uv": [9.25, 5.25, 9.75, 5.5], "texture": "#0"},
				"up": {"uv": [4.5, 7, 2, 6.5], "texture": "#0"},
				"down": {"uv": [7, 6.5, 4.5, 7], "texture": "#0"}
			}
		},
		{
			"from": [1, 4, 3],
			"to": [3, 4.5, 13],
			"rotation": {"angle": 0, "axis": "y", "origin": [7.55, 2.4, 8]},
			"faces": {
				"north": {"uv": [9.25, 5.5, 9.75, 5.75], "texture": "#0"},
				"east": {"uv": [8, 7.25, 10.5, 7.5], "texture": "#0"},
				"south": {"uv": [6, 9.25, 6.5, 9.5], "texture": "#0"},
				"west": {"uv": [8, 7.75, 10.5, 8], "texture": "#0"},
				"up": {"uv": [2.5, 9.5, 2, 7], "texture": "#0"},
				"down": {"uv": [3, 7, 2.5, 9.5], "texture": "#0"}
			}
		},
		{
			"from": [14.32556, 4, 6.22444],
			"to": [16.32556, 4.6, 9.22444],
			"rotation": {"angle": -45, "axis": "y", "origin": [7.55, 2.4, 8]},
			"faces": {
				"north": {"uv": [6.5, 9.25, 7, 9.5], "texture": "#0"},
				"east": {"uv": [8.25, 5.75, 9, 6], "texture": "#0"},
				"south": {"uv": [7, 9.25, 7.5, 9.5], "texture": "#0"},
				"west": {"uv": [9, 5.75, 9.75, 6], "texture": "#0"},
				"up": {"uv": [9.25, 3.5, 8.75, 2.75], "texture": "#0"},
				"down": {"uv": [9.25, 3.5, 8.75, 4.25], "texture": "#0"}
			}
		},
		{
			"from": [14.32556, 4, 6.77556],
			"to": [16.32556, 4.6, 9.77556],
			"rotation": {"angle": 45, "axis": "y", "origin": [7.55, 2.4, 8]},
			"faces": {
				"north": {"uv": [8, 9.25, 8.5, 9.5], "texture": "#0"},
				"east": {"uv": [9.25, 3.5, 10, 3.75], "texture": "#0"},
				"south": {"uv": [0, 9.5, 0.5, 9.75], "texture": "#0"},
				"west": {"uv": [9.25, 3.75, 10, 4], "texture": "#0"},
				"up": {"uv": [9.25, 5, 8.75, 4.25], "texture": "#0"},
				"down": {"uv": [9.25, 5, 8.75, 5.75], "texture": "#0"}
			}
		},
		{
			"from": [-0.67444, 4, 6.77556],
			"to": [1.32556, 4.6, 9.77556],
			"rotation": {"angle": 45, "axis": "y", "origin": [7.55, 2.4, 8]},
			"faces": {
				"north": {"uv": [0.5, 9.5, 1, 9.75], "texture": "#0"},
				"east": {"uv": [9.25, 4, 10, 4.25], "texture": "#0"},
				"south": {"uv": [9.5, 0.75, 10, 1], "texture": "#0"},
				"west": {"uv": [9.25, 4.25, 10, 4.5], "texture": "#0"},
				"up": {"uv": [9.5, 9, 9, 8.25], "texture": "#0"},
				"down": {"uv": [9, 9, 8.5, 9.75], "texture": "#0"}
			}
		},
		{
			"from": [-0.67444, 4, 6.22444],
			"to": [1.32556, 4.6, 9.22444],
			"rotation": {"angle": -45, "axis": "y", "origin": [7.55, 2.4, 8]},
			"faces": {
				"north": {"uv": [1, 9.5, 1.5, 9.75], "texture": "#0"},
				"east": {"uv": [9.25, 4.5, 10, 4.75], "texture": "#0"},
				"south": {"uv": [9.5, 1, 10, 1.25], "texture": "#0"},
				"west": {"uv": [9.25, 4.75, 10, 5], "texture": "#0"},
				"up": {"uv": [9.5, 9.75, 9, 9], "texture": "#0"},
				"down": {"uv": [9.75, 2.75, 9.25, 3.5], "texture": "#0"}
			}
		},
		{
			"from": [3, 4, 1],
			"to": [13, 4.5, 3],
			"rotation": {"angle": 0, "axis": "y", "origin": [7.55, 2.4, 8]},
			"faces": {
				"north": {"uv": [8, 8, 10.5, 8.25], "texture": "#0"},
				"east": {"uv": [9.5, 1.25, 10, 1.5], "texture": "#0"},
				"south": {"uv": [8.25, 0, 10.75, 0.25], "texture": "#0"},
				"west": {"uv": [1.5, 9.5, 2, 9.75], "texture": "#0"},
				"up": {"uv": [5.5, 7.5, 3, 7], "texture": "#0"},
				"down": {"uv": [8, 7, 5.5, 7.5], "texture": "#0"}
			}
		},
		{
			"from": [13, 4, 3],
			"to": [15, 4.5, 13],
			"rotation": {"angle": 0, "axis": "y", "origin": [7.55, 2.4, 8]},
			"faces": {
				"north": {"uv": [9.5, 1.5, 10, 1.75], "texture": "#0"},
				"east": {"uv": [8.25, 0.25, 10.75, 0.5], "texture": "#0"},
				"south": {"uv": [9.5, 1.75, 10, 2], "texture": "#0"},
				"west": {"uv": [8.25, 0.5, 10.75, 0.75], "texture": "#0"},
				"up": {"uv": [8, 2.5, 7.5, 0], "texture": "#0"},
				"down": {"uv": [8, 2.5, 7.5, 5], "texture": "#0"}
			}
		},
		{
			"from": [1, 0.21913, 5.03054],
			"to": [1.5, 2.21913, 6.03054],
			"rotation": {"angle": 22.5, "axis": "x", "origin": [7.55, 2.4, 8]},
			"faces": {
				"north": {"uv": [2, 9.5, 2.25, 10], "texture": "#0"},
				"east": {"uv": [9.5, 2, 9.75, 2.5], "texture": "#0"},
				"south": {"uv": [2.25, 9.5, 2.5, 10], "texture": "#0"},
				"west": {"uv": [2.5, 9.5, 2.75, 10], "texture": "#0"},
				"up": {"uv": [6.75, 9.75, 6.5, 9.5], "texture": "#0"},
				"down": {"uv": [7, 9.5, 6.75, 9.75], "texture": "#0"}
			}
		},
		{
			"from": [1, 2.01913, 9.43054],
			"to": [1.5, 4.01913, 10.43054],
			"rotation": {"angle": 22.5, "axis": "x", "origin": [7.55, 2.4, 8]},
			"faces": {
				"north": {"uv": [2.75, 9.5, 3, 10], "texture": "#0"},
				"east": {"uv": [3, 9.5, 3.25, 10], "texture": "#0"},
				"south": {"uv": [3.25, 9.5, 3.5, 10], "texture": "#0"},
				"west": {"uv": [3.5, 9.5, 3.75, 10], "texture": "#0"},
				"up": {"uv": [7.25, 9.75, 7, 9.5], "texture": "#0"},
				"down": {"uv": [7.5, 9.5, 7.25, 9.75], "texture": "#0"}
			}
		},
		{
			"from": [1, 0.07269, 10.3443],
			"to": [1.5, 2.07269, 11.3443],
			"rotation": {"angle": -22.5, "axis": "x", "origin": [7.55, 2.4, 8]},
			"faces": {
				"north": {"uv": [3.75, 9.5, 4, 10], "texture": "#0"},
				"east": {"uv": [4, 9.5, 4.25, 10], "texture": "#0"},
				"south": {"uv": [4.25, 9.5, 4.5, 10], "texture": "#0"},
				"west": {"uv": [4.5, 9.5, 4.75, 10], "texture": "#0"},
				"up": {"uv": [8.25, 9.75, 8, 9.5], "texture": "#0"},
				"down": {"uv": [8.5, 9.5, 8.25, 9.75], "texture": "#0"}
			}
		},
		{
			"from": [1, 1.95259, 5.86024],
			"to": [1.5, 3.95259, 6.86024],
			"rotation": {"angle": -22.5, "axis": "x", "origin": [7.55, 2.4, 8]},
			"faces": {
				"north": {"uv": [4.75, 9.5, 5, 10], "texture": "#0"},
				"east": {"uv": [5, 9.5, 5.25, 10], "texture": "#0"},
				"south": {"uv": [5.25, 9.5, 5.5, 10], "texture": "#0"},
				"west": {"uv": [5.5, 9.5, 5.75, 10], "texture": "#0"},
				"up": {"uv": [9.75, 8.5, 9.5, 8.25], "texture": "#0"},
				"down": {"uv": [9.75, 8.5, 9.5, 8.75], "texture": "#0"}
			}
		}
	],
	"display": {
		"thirdperson_righthand": {
			"rotation": [160, 0, 90],
			"translation": [-3, 1, 0],
			"scale": [0.5, 0.5, 0.5]
		},
		"thirdperson_lefthand": {
			"rotation": [0, 90, 0],
			"translation": [0, 1.5, 0],
			"scale": [0.5, 0.5, 0.5]
		},
		"firstperson_righthand": {
			"rotation": [90, -90, 90],
			"translation": [-0.5, 7.5, 2.25],
			"scale": [0.5, 0.5, 0.5]
		},
		"firstperson_lefthand": {
			"translation": [1.5, 3.5, 0.25],
			"scale": [0.5, 0.5, 0.5]
		},
		"ground": {
			"translation": [0, 2.25, 0],
			"scale": [0.7, 0.7, 0.7]
		},
		"gui": {
			"rotation": [180, 68, -165],
			"translation": [0.5, 5.5, 0]
		},
		"head": {
			"rotation": [0, -90, 0],
			"translation": [0, 15.25, 0],
			"scale": [1.1, 1.1, 1.1]
		},
		"fixed": {
			"rotation": [-90, -90, 0],
			"translation": [0, 0, -12.5],
			"scale": [1.5, 1.5, 1.5]
		}
	},
	"groups": [
		{
			"name": "group",
			"origin": [8, 8, 8],
			"color": 0,
			"children": [0, 1, 2, 3, 4, 5, 6, 7, 8, 9, 10, 11, 12, 13, 14, 15, 16, 17, 18, 19, 20, 21, 22]
		}
	]
}