{
	"credit": "Made with Blockbench",
	"texture_size": [64, 64],
	"textures": {
		"0": "./wheelchair",
		"particle": "./wheelchair"
	},
	"elements": [
		{
			"from": [7, 6, 3],
			"to": [15, 8, 11],
			"rotation": {"angle": 0, "axis": "y", "origin": [10.15, 8.25, 7]},
			"faces": {
				"north": {"uv": [4, 6, 6, 6.5], "texture": "#0"},
				"east": {"uv": [6, 5.25, 8, 5.75], "texture": "#0"},
				"south": {"uv": [6, 5.75, 8, 6.25], "texture": "#0"},
				"west": {"uv": [0, 6.25, 2, 6.75], "texture": "#0"},
				"up": {"uv": [6, 6, 4, 4], "texture": "#0"},
				"down": {"uv": [2, 4.25, 0, 6.25], "texture": "#0"}
			}
		},
		{
			"from": [7, 8, 2],
			"to": [15, 11, 3],
			"rotation": {"angle": 0, "axis": "y", "origin": [10.15, 8.25, 7]},
			"faces": {
				"north": {"uv": [2, 4.25, 4, 5], "texture": "#0"},
				"east": {"uv": [8.25, 9, 8.5, 9.75], "texture": "#0"},
				"south": {"uv": [2, 5, 4, 5.75], "texture": "#0"},
				"west": {"uv": [8.5, 9, 8.75, 9.75], "texture": "#0"},
				"up": {"uv": [9.25, 5, 7.25, 4.75], "texture": "#0"},
				"down": {"uv": [9.25, 5, 7.25, 5.25], "texture": "#0"}
			}
		},
		{
			"from": [13.37111, 8.64251, 2.99],
			"to": [15.37111, 17.64251, 11.01],
			"rotation": {"angle": -22.5, "axis": "z", "origin": [10.15, 8.25, 7]},
			"faces": {
				"north": {"uv": [6, 0.75, 6.5, 3], "texture": "#0"},
				"east": {"uv": [0, 0, 2, 2.25], "texture": "#0"},
				"south": {"uv": [6, 3, 6.5, 5.25], "texture": "#0"},
				"west": {"uv": [2, 0, 4, 2.25], "texture": "#0"},
				"up": {"uv": [6.5, 8.25, 6, 6.25], "texture": "#0"},
				"down": {"uv": [7, 0.75, 6.5, 2.75], "texture": "#0"}
			}
		},
		{
			"from": [13.20098, 11.3716, 1.9],
			"to": [14.20098, 18.3716, 2.9],
			"rotation": {"angle": -22.5, "axis": "z", "origin": [10.15, 8.25, 7]},
			"faces": {
				"north": {"uv": [7.5, 6.75, 7.75, 8.5], "texture": "#0"},
				"east": {"uv": [7.75, 6.75, 8, 8.5], "texture": "#0"},
				"south": {"uv": [8, 6.75, 8.25, 8.5], "texture": "#0"},
				"west": {"uv": [6, 8.25, 6.25, 10], "texture": "#0"},
				"up": {"uv": [3, 10.25, 2.75, 10], "texture": "#0"},
				"down": {"uv": [10.25, 2.75, 10, 3], "texture": "#0"}
			}
		},
		{
			"from": [16.8, 15.5, 2],
			"to": [20.8, 16.5, 3],
			"rotation": {"angle": 0, "axis": "y", "origin": [10.15, 8.25, 7]},
			"faces": {
				"north": {"uv": [9, 8.75, 10, 9], "texture": "#0"},
				"east": {"uv": [10, 4, 10.25, 4.25], "texture": "#0"},
				"south": {"uv": [9, 9, 10, 9.25], "texture": "#0"},
				"west": {"uv": [10, 4.5, 10.25, 4.75], "texture": "#0"},
				"up": {"uv": [10.25, 1, 9.25, 0.75], "texture": "#0"},
				"down": {"uv": [10.25, 1, 9.25, 1.25], "texture": "#0"}
			}
		},
		{
			"from": [16.8, 15.5, 11],
			"to": [20.8, 16.5, 12],
			"rotation": {"angle": 0, "axis": "y", "origin": [10.15, 8.25, 7]},
			"faces": {
				"north": {"uv": [8.75, 8.25, 9.75, 8.5], "texture": "#0"},
				"east": {"uv": [10, 3.5, 10.25, 3.75], "texture": "#0"},
				"south": {"uv": [9, 2.25, 10, 2.5], "texture": "#0"},
				"west": {"uv": [10, 3.75, 10.25, 4], "texture": "#0"},
				"up": {"uv": [10, 2.75, 9, 2.5], "texture": "#0"},
				"down": {"uv": [10, 8.5, 9, 8.75], "texture": "#0"}
			}
		},
		{
			"from": [12.96635, 11.32384, 11.1],
			"to": [13.96635, 18.32384, 12.1],
			"rotation": {"angle": -22.5, "axis": "z", "origin": [10.15, 8.25, 7]},
			"faces": {
				"north": {"uv": [6.25, 8.25, 6.5, 10], "texture": "#0"},
				"east": {"uv": [8.25, 6.75, 8.5, 8.5], "texture": "#0"},
				"south": {"uv": [0.75, 8.5, 1, 10.25], "texture": "#0"},
				"west": {"uv": [1, 8.5, 1.25, 10.25], "texture": "#0"},
				"up": {"uv": [10.25, 3.25, 10, 3], "texture": "#0"},
				"down": {"uv": [10.25, 3.25, 10, 3.5], "texture": "#0"}
			}
		},
		{
			"from": [7, 8, 11],
			"to": [15, 11, 12],
			"rotation": {"angle": 0, "axis": "y", "origin": [10.15, 8.25, 7]},
			"faces": {
				"north": {"uv": [2, 5.75, 4, 6.5], "texture": "#0"},
				"east": {"uv": [2.75, 9.25, 3, 10], "texture": "#0"},
				"south": {"uv": [6, 0, 8, 0.75], "texture": "#0"},
				"west": {"uv": [9.25, 3.5, 9.5, 4.25], "texture": "#0"},
				"up": {"uv": [9.25, 6.5, 7.25, 6.25], "texture": "#0"},
				"down": {"uv": [9.25, 6.5, 7.25, 6.75], "texture": "#0"}
			}
		},
		{
			"from": [7, 0, 1],
			"to": [15, 8, 2],
			"rotation": {"angle": 0, "axis": "y", "origin": [10.15, 8.25, 7]},
			"faces": {
				"north": {"uv": [0, 2.25, 2, 4.25], "texture": "#0"},
				"east": {"uv": [5.75, 6.5, 6, 8.5], "texture": "#0"},
				"south": {"uv": [2, 2.25, 4, 4.25], "texture": "#0"},
				"west": {"uv": [3, 6.75, 3.25, 8.75], "texture": "#0"},
				"up": {"uv": [9, 2.5, 7, 2.25], "texture": "#0"},
				"down": {"uv": [9, 2.5, 7, 2.75], "texture": "#0"}
			}
		},
		{
			"from": [14, 0, 0],
			"to": [15, 8, 1],
			"rotation": {"angle": 0, "axis": "y", "origin": [10.15, 8.25, 7]},
			"faces": {
				"north": {"uv": [4.25, 6.75, 4.5, 8.75], "texture": "#0"},
				"east": {"uv": [4.5, 6.75, 4.75, 8.75], "texture": "#0"},
				"south": {"uv": [4.75, 6.75, 5, 8.75], "texture": "#0"},
				"west": {"uv": [6.5, 7, 6.75, 9], "texture": "#0"},
				"up": {"uv": [10, 10, 9.75, 9.75], "texture": "#0"},
				"down": {"uv": [10.25, 0, 10, 0.25], "texture": "#0"}
			}
		},
		{
			"from": [8, 7, 0],
			"to": [14, 8, 1],
			"rotation": {"angle": 0, "axis": "y", "origin": [10.15, 8.25, 7]},
			"faces": {
				"north": {"uv": [8, 5.5, 9.5, 5.75], "texture": "#0"},
				"east": {"uv": [10, 2.25, 10.25, 2.5], "texture": "#0"},
				"south": {"uv": [8, 5.75, 9.5, 6], "texture": "#0"},
				"west": {"uv": [10, 2.5, 10.25, 2.75], "texture": "#0"},
				"up": {"uv": [9.5, 6.25, 8, 6], "texture": "#0"},
				"down": {"uv": [9, 8.5, 7.5, 8.75], "texture": "#0"}
			}
		},
		{
			"from": [8, 0, 0],
			"to": [14, 1, 1],
			"rotation": {"angle": 0, "axis": "y", "origin": [10.15, 8.25, 7]},
			"faces": {
				"north": {"uv": [8, 0, 9.5, 0.25], "texture": "#0"},
				"east": {"uv": [10, 0.25, 10.25, 0.5], "texture": "#0"},
				"south": {"uv": [8, 0.25, 9.5, 0.5], "texture": "#0"},
				"west": {"uv": [10, 0.5, 10.25, 0.75], "texture": "#0"},
				"up": {"uv": [9.5, 0.75, 8, 0.5], "texture": "#0"},
				"down": {"uv": [9.5, 5.25, 8, 5.5], "texture": "#0"}
			}
		},
		{
			"from": [14, 0, 13],
			"to": [15, 8, 14],
			"rotation": {"angle": 0, "axis": "y", "origin": [10.15, 8.25, 7]},
			"faces": {
				"north": {"uv": [7.25, 6.75, 7.5, 8.75], "texture": "#0"},
				"east": {"uv": [0, 7.5, 0.25, 9.5], "texture": "#0"},
				"south": {"uv": [0.25, 7.5, 0.5, 9.5], "texture": "#0"},
				"west": {"uv": [0.5, 7.5, 0.75, 9.5], "texture": "#0"},
				"up": {"uv": [10.25, 5.5, 10, 5.25], "texture": "#0"},
				"down": {"uv": [5.75, 10, 5.5, 10.25], "texture": "#0"}
			}
		},
		{
			"from": [7, 0, 12],
			"to": [15, 8, 13],
			"rotation": {"angle": 0, "axis": "y", "origin": [10.15, 8.25, 7]},
			"faces": {
				"north": {"uv": [4, 0, 6, 2], "texture": "#0"},
				"east": {"uv": [6.75, 7, 7, 9], "texture": "#0"},
				"south": {"uv": [4, 2, 6, 4], "texture": "#0"},
				"west": {"uv": [7, 7, 7.25, 9], "texture": "#0"},
				"up": {"uv": [2.75, 7.5, 0.75, 7.25], "texture": "#0"},
				"down": {"uv": [9.25, 4.5, 7.25, 4.75], "texture": "#0"}
			}
		},
		{
			"from": [8, 7, 13],
			"to": [14, 8, 14],
			"rotation": {"angle": 0, "axis": "y", "origin": [10.15, 8.25, 7]},
			"faces": {
				"north": {"uv": [3, 8.75, 4.5, 9], "texture": "#0"},
				"east": {"uv": [10, 5, 10.25, 5.25], "texture": "#0"},
				"south": {"uv": [8.75, 6.75, 10.25, 7], "texture": "#0"},
				"west": {"uv": [5.25, 10, 5.5, 10.25], "texture": "#0"},
				"up": {"uv": [10.25, 7.25, 8.75, 7], "texture": "#0"},
				"down": {"uv": [8.75, 8.75, 7.25, 9], "texture": "#0"}
			}
		},
		{
			"from": [7, 0, 13],
			"to": [8, 8, 14],
			"rotation": {"angle": 0, "axis": "y", "origin": [10.15, 8.25, 7]},
			"faces": {
				"north": {"uv": [2.75, 7.25, 3, 9.25], "texture": "#0"},
				"east": {"uv": [5, 7.25, 5.25, 9.25], "texture": "#0"},
				"south": {"uv": [5.25, 7.25, 5.5, 9.25], "texture": "#0"},
				"west": {"uv": [5.5, 7.25, 5.75, 9.25], "texture": "#0"},
				"up": {"uv": [10.25, 5, 10, 4.75], "texture": "#0"},
				"down": {"uv": [5.25, 10, 5, 10.25], "texture": "#0"}
			}
		},
		{
			"from": [8, 0, 13],
			"to": [14, 1, 14],
			"rotation": {"angle": 0, "axis": "y", "origin": [10.15, 8.25, 7]},
			"faces": {
				"north": {"uv": [8.75, 7.25, 10.25, 7.5], "texture": "#0"},
				"east": {"uv": [10, 5.5, 10.25, 5.75], "texture": "#0"},
				"south": {"uv": [8.75, 7.5, 10.25, 7.75], "texture": "#0"},
				"west": {"uv": [10, 5.75, 10.25, 6], "texture": "#0"},
				"up": {"uv": [10.25, 8, 8.75, 7.75], "texture": "#0"},
				"down": {"uv": [10.25, 8, 8.75, 8.25], "texture": "#0"}
			}
		},
		{
			"from": [3, 0, 13],
			"to": [4, 3, 14],
			"rotation": {"angle": 0, "axis": "y", "origin": [10.15, 8.25, 7]},
			"faces": {
				"north": {"uv": [0, 9.5, 0.25, 10.25], "texture": "#0"},
				"east": {"uv": [9.5, 0, 9.75, 0.75], "texture": "#0"},
				"south": {"uv": [0.25, 9.5, 0.5, 10.25], "texture": "#0"},
				"west": {"uv": [0.5, 9.5, 0.75, 10.25], "texture": "#0"},
				"up": {"uv": [6.5, 10.25, 6.25, 10], "texture": "#0"},
				"down": {"uv": [10.25, 6.25, 10, 6.5], "texture": "#0"}
			}
		},
		{
			"from": [2, 2, 13],
			"to": [3, 3, 14],
			"rotation": {"angle": 0, "axis": "y", "origin": [10.15, 8.25, 7]},
			"faces": {
				"north": {"uv": [10, 6.5, 10.25, 6.75], "texture": "#0"},
				"east": {"uv": [10, 8.5, 10.25, 8.75], "texture": "#0"},
				"south": {"uv": [10, 8.75, 10.25, 9], "texture": "#0"},
				"west": {"uv": [9, 10, 9.25, 10.25], "texture": "#0"},
				"up": {"uv": [10.25, 9.25, 10, 9], "texture": "#0"},
				"down": {"uv": [9.5, 10, 9.25, 10.25], "texture": "#0"}
			}
		},
		{
			"from": [1, 0, 13],
			"to": [2, 3, 14],
			"rotation": {"angle": 0, "axis": "y", "origin": [10.15, 8.25, 7]},
			"faces": {
				"north": {"uv": [5.25, 9.25, 5.5, 10], "texture": "#0"},
				"east": {"uv": [5.5, 9.25, 5.75, 10], "texture": "#0"},
				"south": {"uv": [9, 9.25, 9.25, 10], "texture": "#0"},
				"west": {"uv": [9.25, 9.25, 9.5, 10], "texture": "#0"},
				"up": {"uv": [6.25, 10.25, 6, 10], "texture": "#0"},
				"down": {"uv": [10.25, 6, 10, 6.25], "texture": "#0"}
			}
		},
		{
			"from": [2, 0, 13],
			"to": [3, 1, 14],
			"rotation": {"angle": 0, "axis": "y", "origin": [10.15, 8.25, 7]},
			"faces": {
				"north": {"uv": [10, 9.25, 10.25, 9.5], "texture": "#0"},
				"east": {"uv": [9.5, 10, 9.75, 10.25], "texture": "#0"},
				"south": {"uv": [10, 9.5, 10.25, 9.75], "texture": "#0"},
				"west": {"uv": [9.75, 10, 10, 10.25], "texture": "#0"},
				"up": {"uv": [10.25, 10, 10, 9.75], "texture": "#0"},
				"down": {"uv": [10.25, 10, 10, 10.25], "texture": "#0"}
			}
		},
		{
			"from": [1, 0, 12],
			"to": [4, 3, 13],
			"rotation": {"angle": 0, "axis": "y", "origin": [10.15, 8.25, 7]},
			"faces": {
				"north": {"uv": [6.5, 4.5, 7.25, 5.25], "texture": "#0"},
				"east": {"uv": [9.25, 4.25, 9.5, 5], "texture": "#0"},
				"south": {"uv": [5, 6.5, 5.75, 7.25], "texture": "#0"},
				"west": {"uv": [5, 9.25, 5.25, 10], "texture": "#0"},
				"up": {"uv": [10, 5.25, 9.25, 5], "texture": "#0"},
				"down": {"uv": [10, 6.25, 9.25, 6.5], "texture": "#0"}
			}
		},
		{
			"from": [7, 0, 0],
			"to": [8, 8, 1],
			"rotation": {"angle": 0, "axis": "y", "origin": [10.15, 8.25, 7]},
			"faces": {
				"north": {"uv": [3.25, 6.75, 3.5, 8.75], "texture": "#0"},
				"east": {"uv": [3.5, 6.75, 3.75, 8.75], "texture": "#0"},
				"south": {"uv": [3.75, 6.75, 4, 8.75], "texture": "#0"},
				"west": {"uv": [4, 6.75, 4.25, 8.75], "texture": "#0"},
				"up": {"uv": [10, 9.5, 9.75, 9.25], "texture": "#0"},
				"down": {"uv": [10, 9.5, 9.75, 9.75], "texture": "#0"}
			}
		},
		{
			"from": [2, 0, 0],
			"to": [3, 1, 1],
			"rotation": {"angle": 0, "axis": "y", "origin": [10.15, 8.25, 7]},
			"faces": {
				"north": {"uv": [0, 10.25, 0.25, 10.5], "texture": "#0"},
				"east": {"uv": [10.25, 0, 10.5, 0.25], "texture": "#0"},
				"south": {"uv": [0.25, 10.25, 0.5, 10.5], "texture": "#0"},
				"west": {"uv": [10.25, 0.25, 10.5, 0.5], "texture": "#0"},
				"up": {"uv": [0.75, 10.5, 0.5, 10.25], "texture": "#0"},
				"down": {"uv": [10.5, 0.5, 10.25, 0.75], "texture": "#0"}
			}
		},
		{
			"from": [3, 0, 0],
			"to": [4, 3, 1],
			"rotation": {"angle": 0, "axis": "y", "origin": [10.15, 8.25, 7]},
			"faces": {
				"north": {"uv": [9.75, 3.5, 10, 4.25], "texture": "#0"},
				"east": {"uv": [9.75, 5.25, 10, 6], "texture": "#0"},
				"south": {"uv": [8.25, 9.75, 8.5, 10.5], "texture": "#0"},
				"west": {"uv": [8.5, 9.75, 8.75, 10.5], "texture": "#0"},
				"up": {"uv": [2, 10.5, 1.75, 10.25], "texture": "#0"},
				"down": {"uv": [10.5, 1.75, 10.25, 2], "texture": "#0"}
			}
		},
		{
			"from": [2, 2, 0],
			"to": [3, 3, 1],
			"rotation": {"angle": 0, "axis": "y", "origin": [10.15, 8.25, 7]},
			"faces": {
				"north": {"uv": [0.75, 10.25, 1, 10.5], "texture": "#0"},
				"east": {"uv": [10.25, 0.75, 10.5, 1], "texture": "#0"},
				"south": {"uv": [1, 10.25, 1.25, 10.5], "texture": "#0"},
				"west": {"uv": [10.25, 1, 10.5, 1.25], "texture": "#0"},
				"up": {"uv": [1.5, 10.5, 1.25, 10.25], "texture": "#0"},
				"down": {"uv": [10.5, 1.25, 10.25, 1.5], "texture": "#0"}
			}
		},
		{
			"from": [1, 0, 1],
			"to": [4, 3, 2],
			"rotation": {"angle": 0, "axis": "y", "origin": [10.15, 8.25, 7]},
			"faces": {
				"north": {"uv": [6.5, 6.25, 7.25, 7], "texture": "#0"},
				"east": {"uv": [9.5, 2.75, 9.75, 3.5], "texture": "#0"},
				"south": {"uv": [0, 6.75, 0.75, 7.5], "texture": "#0"},
				"west": {"uv": [9.5, 3.5, 9.75, 4.25], "texture": "#0"},
				"up": {"uv": [10, 6.75, 9.25, 6.5], "texture": "#0"},
				"down": {"uv": [10.25, 4.25, 9.5, 4.5], "texture": "#0"}
			}
		},
		{
			"from": [1, 0, 0],
			"to": [2, 3, 1],
			"rotation": {"angle": 0, "axis": "y", "origin": [10.15, 8.25, 7]},
			"faces": {
				"north": {"uv": [9.5, 5.25, 9.75, 6], "texture": "#0"},
				"east": {"uv": [9.5, 9.25, 9.75, 10], "texture": "#0"},
				"south": {"uv": [9.75, 0, 10, 0.75], "texture": "#0"},
				"west": {"uv": [9.75, 2.75, 10, 3.5], "texture": "#0"},
				"up": {"uv": [1.75, 10.5, 1.5, 10.25], "texture": "#0"},
				"down": {"uv": [10.5, 1.5, 10.25, 1.75], "texture": "#0"}
			}
		},
		{
			"from": [2, 1, 2],
			"to": [13, 2, 3],
			"rotation": {"angle": 0, "axis": "y", "origin": [10.15, 8.25, 7]},
			"faces": {
				"north": {"uv": [6.5, 3.5, 9.25, 3.75], "texture": "#0"},
				"east": {"uv": [2, 10.25, 2.25, 10.5], "texture": "#0"},
				"south": {"uv": [6.5, 3.75, 9.25, 4], "texture": "#0"},
				"west": {"uv": [10.25, 2, 10.5, 2.25], "texture": "#0"},
				"up": {"uv": [9.25, 4.25, 6.5, 4], "texture": "#0"},
				"down": {"uv": [9.25, 4.25, 6.5, 4.5], "texture": "#0"}
			}
		},
		{
			"from": [4, 7, 2],
			"to": [13, 8, 3],
			"rotation": {"angle": 0, "axis": "y", "origin": [10.15, 8.25, 7]},
			"faces": {
				"north": {"uv": [0.75, 6.75, 3, 7], "texture": "#0"},
				"east": {"uv": [2.25, 10.25, 2.5, 10.5], "texture": "#0"},
				"south": {"uv": [0.75, 7, 3, 7.25], "texture": "#0"},
				"west": {"uv": [10.25, 2.25, 10.5, 2.5], "texture": "#0"},
				"up": {"uv": [9.25, 1, 7, 0.75], "texture": "#0"},
				"down": {"uv": [9.25, 1, 7, 1.25], "texture": "#0"}
			}
		},
		{
			"from": [4.64126, -1.25939, 1.99],
			"to": [5.64126, 5.74061, 3.01],
			"rotation": {"angle": -22.5, "axis": "z", "origin": [10.15, 8.25, 7]},
			"faces": {
				"north": {"uv": [1.25, 8.5, 1.5, 10.25], "texture": "#0"},
				"east": {"uv": [1.5, 8.5, 1.75, 10.25], "texture": "#0"},
				"south": {"uv": [1.75, 8.5, 2, 10.25], "texture": "#0"},
				"west": {"uv": [2, 8.5, 2.25, 10.25], "texture": "#0"},
				"up": {"uv": [2.75, 10.5, 2.5, 10.25], "texture": "#0"},
				"down": {"uv": [10.5, 2.5, 10.25, 2.75], "texture": "#0"}
			}
		},
		{
			"from": [0.7, 0.5, 1.98],
			"to": [2.7, 1.5, 5.98],
			"rotation": {"angle": 0, "axis": "y", "origin": [10.15, 8.25, 7]},
			"faces": {
				"north": {"uv": [9.5, 4.5, 10, 4.75], "texture": "#0"},
				"east": {"uv": [9.25, 1.25, 10.25, 1.5], "texture": "#0"},
				"south": {"uv": [9.5, 4.75, 10, 5], "texture": "#0"},
				"west": {"uv": [9.25, 1.5, 10.25, 1.75], "texture": "#0"},
				"up": {"uv": [1.25, 8.5, 0.75, 7.5], "texture": "#0"},
				"down": {"uv": [1.75, 7.5, 1.25, 8.5], "texture": "#0"}
			}
		},
		{
			"from": [0.6, 0.5, 8.02],
			"to": [2.6, 1.5, 12.02],
			"rotation": {"angle": 0, "axis": "y", "origin": [10.15, 8.25, 7]},
			"faces": {
				"north": {"uv": [9.5, 6, 10, 6.25], "texture": "#0"},
				"east": {"uv": [9.25, 1.75, 10.25, 2], "texture": "#0"},
				"south": {"uv": [9.75, 8.25, 10.25, 8.5], "texture": "#0"},
				"west": {"uv": [9.25, 2, 10.25, 2.25], "texture": "#0"},
				"up": {"uv": [2.25, 8.5, 1.75, 7.5], "texture": "#0"},
				"down": {"uv": [2.75, 7.5, 2.25, 8.5], "texture": "#0"}
			}
		},
		{
			"from": [4.64126, -1.25939, 10.99],
			"to": [5.64126, 5.74061, 12.01],
			"rotation": {"angle": -22.5, "axis": "z", "origin": [10.15, 8.25, 7]},
			"faces": {
				"north": {"uv": [2.25, 8.5, 2.5, 10.25], "texture": "#0"},
				"east": {"uv": [2.5, 8.5, 2.75, 10.25], "texture": "#0"},
				"south": {"uv": [5.75, 8.5, 6, 10.25], "texture": "#0"},
				"west": {"uv": [8.5, 6.75, 8.75, 8.5], "texture": "#0"},
				"up": {"uv": [3, 10.5, 2.75, 10.25], "texture": "#0"},
				"down": {"uv": [10.5, 2.75, 10.25, 3], "texture": "#0"}
			}
		},
		{
			"from": [4, 7, 11],
			"to": [13, 8, 12],
			"rotation": {"angle": 0, "axis": "y", "origin": [10.15, 8.25, 7]},
			"faces": {
				"north": {"uv": [7, 1.25, 9.25, 1.5], "texture": "#0"},
				"east": {"uv": [10.25, 3, 10.5, 3.25], "texture": "#0"},
				"south": {"uv": [7, 1.5, 9.25, 1.75], "texture": "#0"},
				"west": {"uv": [10.25, 3.25, 10.5, 3.5], "texture": "#0"},
				"up": {"uv": [9.25, 2, 7, 1.75], "texture": "#0"},
				"down": {"uv": [9.25, 2, 7, 2.25], "texture": "#0"}
			}
		},
		{
			"from": [2, 1, 11],
			"to": [13, 2, 12],
			"rotation": {"angle": 0, "axis": "y", "origin": [10.15, 8.25, 7]},
			"faces": {
				"north": {"uv": [2, 6.5, 5, 6.75], "texture": "#0"},
				"east": {"uv": [10.25, 3.5, 10.5, 3.75], "texture": "#0"},
				"south": {"uv": [6.5, 2.75, 9.5, 3], "texture": "#0"},
				"west": {"uv": [10.25, 3.75, 10.5, 4], "texture": "#0"},
				"up": {"uv": [9.5, 3.25, 6.5, 3], "texture": "#0"},
				"down": {"uv": [9.5, 3.25, 6.5, 3.5], "texture": "#0"}
			}
		},
		{
			"from": [12, 2, 11],
			"to": [13, 8, 12],
			"rotation": {"angle": 0, "axis": "y", "origin": [10.15, 8.25, 7]},
			"faces": {
				"north": {"uv": [4.5, 8.75, 4.75, 10.25], "texture": "#0"},
				"east": {"uv": [4.75, 8.75, 5, 10.25], "texture": "#0"},
				"south": {"uv": [8.75, 8.75, 9, 10.25], "texture": "#0"},
				"west": {"uv": [3, 9, 3.25, 10.5], "texture": "#0"},
				"up": {"uv": [10.5, 4.25, 10.25, 4], "texture": "#0"},
				"down": {"uv": [10.5, 4.25, 10.25, 4.5], "texture": "#0"}
			}
		},
		{
			"from": [9, 2, 11],
			"to": [10, 7, 12],
			"rotation": {"angle": 0, "axis": "y", "origin": [10.15, 8.25, 7]},
			"faces": {
				"north": {"uv": [3.25, 9, 3.5, 10.5], "texture": "#0"},
				"east": {"uv": [3.5, 9, 3.75, 10.5], "texture": "#0"},
				"south": {"uv": [3.75, 9, 4, 10.5], "texture": "#0"},
				"west": {"uv": [4, 9, 4.25, 10.5], "texture": "#0"},
				"up": {"uv": [4.75, 10.5, 4.5, 10.25], "texture": "#0"},
				"down": {"uv": [10.5, 4.5, 10.25, 4.75], "texture": "#0"}
			}
		},
		{
			"from": [9, 2, 2],
			"to": [10, 8, 3],
			"rotation": {"angle": 0, "axis": "y", "origin": [10.15, 8.25, 7]},
			"faces": {
				"north": {"uv": [4.25, 9, 4.5, 10.5], "texture": "#0"},
				"east": {"uv": [6.5, 9, 6.75, 10.5], "texture": "#0"},
				"south": {"uv": [6.75, 9, 7, 10.5], "texture": "#0"},
				"west": {"uv": [7, 9, 7.25, 10.5], "texture": "#0"},
				"up": {"uv": [5, 10.5, 4.75, 10.25], "texture": "#0"},
				"down": {"uv": [10.5, 4.75, 10.25, 5], "texture": "#0"}
			}
		},
		{
			"from": [12, 2, 2],
			"to": [13, 8, 3],
			"rotation": {"angle": 0, "axis": "y", "origin": [10.15, 8.25, 7]},
			"faces": {
				"north": {"uv": [7.25, 9, 7.5, 10.5], "texture": "#0"},
				"east": {"uv": [7.5, 9, 7.75, 10.5], "texture": "#0"},
				"south": {"uv": [7.75, 9, 8, 10.5], "texture": "#0"},
				"west": {"uv": [8, 9, 8.25, 10.5], "texture": "#0"},
				"up": {"uv": [5.25, 10.5, 5, 10.25], "texture": "#0"},
				"down": {"uv": [10.5, 5, 10.25, 5.25], "texture": "#0"}
			}
		}
	],
	"display": {
		"thirdperson_righthand": {
			"rotation": [75, 45, 0],
			"translation": [0, 2.5, 0],
			"scale": [0.375, 0.375, 0.375]
		},
		"thirdperson_lefthand": {
			"rotation": [75, 45, 0],
			"translation": [0, 2.5, 0],
			"scale": [0.375, 0.375, 0.375]
		},
		"firstperson_righthand": {
			"rotation": [0, 45, 0],
			"scale": [0.4, 0.4, 0.4]
		},
		"firstperson_lefthand": {
			"rotation": [0, 225, 0],
			"scale": [0.4, 0.4, 0.4]
		},
		"ground": {
			"translation": [0, 3, 0],
			"scale": [0.25, 0.25, 0.25]
		},
		"gui": {
			"rotation": [30, 129, 0],
			"translation": [0.25, -0.25, 0],
			"scale": [0.625, 0.625, 0.625]
		},
		"head": {
			"rotation": [0, -90, 0],
			"translation": [-1.75, -27.5, -8.25],
			"scale": [2, 2, 2]
		},
		"fixed": {
			"rotation": [-90, -90, 0],
			"translation": [-2.25, 0, -24.75],
			"scale": [3, 3, 3]
		}
	},
	"groups": [
		{
			"name": "group",
			"origin": [10.15, 8.25, 7],
			"color": 0,
			"children": [0, 1, 2, 3, 4, 5, 6, 7]
		},
		{
			"name": "group",
			"origin": [10.15, 8.25, 7],
			"color": 0,
			"children": [8, 9, 10, 11, 12, 13, 14, 15, 16, 17, 18, 19, 20, 21, 22, 23, 24, 25, 26, 27]
		},
		{
			"name": "group",
			"origin": [10.15, 8.25, 7],
			"color": 0,
			"children": [28, 29, 30, 31, 32, 33, 34, 35, 36, 37, 38, 39]
		}
	]
}