{
	"credit": "Made with Blockbench",
	"texture_size": [32, 32],
	"textures": {
		"0": "./skate",
		"particle": "./skate"
	},
	"elements": [
		{
			"from": [5, 4.52043, -1.32232],
			"to": [12, 5.52043, 1.67768],
			"rotation": {"angle": 22.5, "axis": "x", "origin": [8.5, 12.02043, 16.97768]},
			"faces": {
				"north": {"uv": [9, 8.5, 12.5, 9], "texture": "#0"},
				"east": {"uv": [10.5, 4, 12, 4.5], "texture": "#0"},
				"south": {"uv": [9, 9, 12.5, 9.5], "texture": "#0"},
				"west": {"uv": [10.5, 4.5, 12, 5], "texture": "#0"},
				"up": {"uv": [10.5, 1.5, 7, 0], "texture": "#0"},
				"down": {"uv": [10.5, 1.5, 7, 3], "texture": "#0"}
			}
		},
		{
			"from": [6, 4.52043, -2.32232],
			"to": [11, 5.52043, -1.32232],
			"rotation": {"angle": 22.5, "axis": "x", "origin": [8.5, 12.02043, 16.97768]},
			"faces": {
				"north": {"uv": [3.5, 9.5, 6, 10], "texture": "#0"},
				"east": {"uv": [6, 8, 6.5, 8.5], "texture": "#0"},
				"south": {"uv": [7, 10, 9.5, 10.5], "texture": "#0"},
				"west": {"uv": [6.5, 8, 7, 8.5], "texture": "#0"},
				"up": {"uv": [12.5, 7.5, 10, 7], "texture": "#0"},
				"down": {"uv": [12.5, 7.5, 10, 8], "texture": "#0"}
			}
		},
		{
			"from": [6, 5.1, 18.8],
			"to": [11, 6.1, 19.8],
			"rotation": {"angle": -22.5, "axis": "x", "origin": [1, 8, 1]},
			"faces": {
				"north": {"uv": [10, 8, 12.5, 8.5], "texture": "#0"},
				"east": {"uv": [10.5, 5.5, 11, 6], "texture": "#0"},
				"south": {"uv": [9.5, 10, 12, 10.5], "texture": "#0"},
				"west": {"uv": [3.5, 11, 4, 11.5], "texture": "#0"},
				"up": {"uv": [2.5, 11, 0, 10.5], "texture": "#0"},
				"down": {"uv": [13, 0, 10.5, 0.5], "texture": "#0"}
			}
		},
		{
			"from": [5, 5.1, 15.8],
			"to": [12, 6.1, 18.8],
			"rotation": {"angle": -22.5, "axis": "x", "origin": [1, 8, 1]},
			"faces": {
				"north": {"uv": [0, 9.5, 3.5, 10], "texture": "#0"},
				"east": {"uv": [5, 10.5, 6.5, 11], "texture": "#0"},
				"south": {"uv": [9, 9.5, 12.5, 10], "texture": "#0"},
				"west": {"uv": [10.5, 5, 12, 5.5], "texture": "#0"},
				"up": {"uv": [10.5, 4.5, 7, 3], "texture": "#0"},
				"down": {"uv": [10.5, 4.5, 7, 6], "texture": "#0"}
			}
		},
		{
			"from": [5, 11, 0],
			"to": [12, 12, 16],
			"rotation": {"angle": 0, "axis": "y", "origin": [1, 8, 1]},
			"faces": {
				"north": {"uv": [0, 10, 3.5, 10.5], "texture": "#0"},
				"east": {"uv": [7, 6, 15, 6.5], "texture": "#0"},
				"south": {"uv": [3.5, 10, 7, 10.5], "texture": "#0"},
				"west": {"uv": [7, 6.5, 15, 7], "texture": "#0"},
				"up": {"uv": [3.5, 8, 0, 0], "texture": "#0"},
				"down": {"uv": [7, 0, 3.5, 8], "texture": "#0"}
			}
		},
		{
			"from": [5, 8, 0],
			"to": [6, 11, 3],
			"faces": {
				"north": {"uv": [6.5, 10.5, 7, 12], "texture": "#0"},
				"east": {"uv": [7, 7, 8.5, 8.5], "texture": "#0"},
				"south": {"uv": [7, 10.5, 7.5, 12], "texture": "#0"},
				"west": {"uv": [0, 8, 1.5, 9.5], "texture": "#0"},
				"up": {"uv": [8, 12, 7.5, 10.5], "texture": "#0"},
				"down": {"uv": [8.5, 10.5, 8, 12], "texture": "#0"}
			}
		},
		{
			"from": [11, 8, 13],
			"to": [12, 11, 16],
			"faces": {
				"north": {"uv": [8.5, 10.5, 9, 12], "texture": "#0"},
				"east": {"uv": [1.5, 8, 3, 9.5], "texture": "#0"},
				"south": {"uv": [9, 10.5, 9.5, 12], "texture": "#0"},
				"west": {"uv": [3, 8, 4.5, 9.5], "texture": "#0"},
				"up": {"uv": [10, 12, 9.5, 10.5], "texture": "#0"},
				"down": {"uv": [10.5, 10.5, 10, 12], "texture": "#0"}
			}
		},
		{
			"from": [11, 8, 0],
			"to": [12, 11, 3],
			"faces": {
				"north": {"uv": [10.5, 10.5, 11, 12], "texture": "#0"},
				"east": {"uv": [4.5, 8, 6, 9.5], "texture": "#0"},
				"south": {"uv": [0, 11, 0.5, 12.5], "texture": "#0"},
				"west": {"uv": [6, 8.5, 7.5, 10], "texture": "#0"},
				"up": {"uv": [1, 12.5, 0.5, 11], "texture": "#0"},
				"down": {"uv": [1.5, 11, 1, 12.5], "texture": "#0"}
			}
		},
		{
			"from": [6, 9, 1],
			"to": [11, 10, 2],
			"faces": {
				"north": {"uv": [10.5, 0.5, 13, 1], "texture": "#0"},
				"east": {"uv": [4, 11, 4.5, 11.5], "texture": "#0"},
				"south": {"uv": [10.5, 1, 13, 1.5], "texture": "#0"},
				"west": {"uv": [4.5, 11, 5, 11.5], "texture": "#0"},
				"up": {"uv": [13, 2, 10.5, 1.5], "texture": "#0"},
				"down": {"uv": [13, 2, 10.5, 2.5], "texture": "#0"}
			}
		},
		{
			"from": [6, 9, 14],
			"to": [11, 10, 15],
			"faces": {
				"north": {"uv": [2.5, 10.5, 5, 11], "texture": "#0"},
				"east": {"uv": [5, 11, 5.5, 11.5], "texture": "#0"},
				"south": {"uv": [10.5, 2.5, 13, 3], "texture": "#0"},
				"west": {"uv": [5.5, 11, 6, 11.5], "texture": "#0"},
				"up": {"uv": [13, 3.5, 10.5, 3], "texture": "#0"},
				"down": {"uv": [13, 3.5, 10.5, 4], "texture": "#0"}
			}
		},
		{
			"from": [8, 10, 14],
			"to": [9, 11, 15],
			"faces": {
				"north": {"uv": [11, 5.5, 11.5, 6], "texture": "#0"},
				"east": {"uv": [6, 11, 6.5, 11.5], "texture": "#0"},
				"south": {"uv": [11, 10.5, 11.5, 11], "texture": "#0"},
				"west": {"uv": [11, 11, 11.5, 11.5], "texture": "#0"},
				"up": {"uv": [4, 12, 3.5, 11.5], "texture": "#0"},
				"down": {"uv": [4.5, 11.5, 4, 12], "texture": "#0"}
			}
		},
		{
			"from": [8, 10, 1],
			"to": [9, 11, 2],
			"faces": {
				"north": {"uv": [4.5, 11.5, 5, 12], "texture": "#0"},
				"east": {"uv": [5, 11.5, 5.5, 12], "texture": "#0"},
				"south": {"uv": [5.5, 11.5, 6, 12], "texture": "#0"},
				"west": {"uv": [11.5, 5.5, 12, 6], "texture": "#0"},
				"up": {"uv": [6.5, 12, 6, 11.5], "texture": "#0"},
				"down": {"uv": [12, 10.5, 11.5, 11], "texture": "#0"}
			}
		},
		{
			"from": [5, 8, 13],
			"to": [6, 11, 16],
			"faces": {
				"north": {"uv": [1.5, 11, 2, 12.5], "texture": "#0"},
				"east": {"uv": [8.5, 7, 10, 8.5], "texture": "#0"},
				"south": {"uv": [2, 11, 2.5, 12.5], "texture": "#0"},
				"west": {"uv": [7.5, 8.5, 9, 10], "texture": "#0"},
				"up": {"uv": [3, 12.5, 2.5, 11], "texture": "#0"},
				"down": {"uv": [3.5, 11, 3, 12.5], "texture": "#0"}
			}
		}
	],
	"display": {
		"thirdperson_righthand": {
			"rotation": [-90, 0, -90],
			"translation": [-4.5, 0, 0]
		},
		"thirdperson_lefthand": {
			"rotation": [90, 0, 90],
			"translation": [1.75, -2, 0]
		},
		"firstperson_righthand": {
			"rotation": [41, 0, -90]
		},
		"firstperson_lefthand": {
			"rotation": [54, 0, -90]
		},
		"ground": {
			"translation": [0, -3, 0]
		},
		"gui": {
			"rotation": [20, 35, 0],
			"translation": [0, -3.25, 0]
		},
		"head": {
			"rotation": [0, 0, -180],
			"translation": [0, 10.25, 0]
		},
		"fixed": {
			"translation": [0, -2.75, 0]
		}
	},
	"groups": [
		{
			"name": "group",
			"origin": [8, 8, 8],
			"color": 0,
			"children": [0, 1, 2, 3, 4, 5, 6, 7, 8, 9, 10, 11, 12]
		}
	]
}