{
	"credit": "Made with Blockbench",
	"texture_size": [64, 64],
	"textures": {
		"0": "./watch",
		"particle": "./watch"
	},
	"elements": [
		{
			"from": [1, 0, 5],
			"to": [3, 2, 11],
			"rotation": {"angle": 0, "axis": "y", "origin": [8, 14, 7.99767]},
			"faces": {
				"north": {"uv": [2, 8.5, 2.5, 9], "texture": "#0"},
				"east": {"uv": [8, 4, 9.5, 4.5], "texture": "#0"},
				"south": {"uv": [9.5, 4, 10, 4.5], "texture": "#0"},
				"west": {"uv": [9, 3, 10.5, 3.5], "texture": "#0"},
				"up": {"uv": [4.5, 10.5, 4, 9], "texture": "#0"},
				"down": {"uv": [5, 9, 4.5, 10.5], "texture": "#0"}
			}
		},
		{
			"from": [5, 0, 13],
			"to": [11, 2, 15],
			"rotation": {"angle": 0, "axis": "y", "origin": [8, 14, 7.99767]},
			"faces": {
				"north": {"uv": [9, 3.5, 10.5, 4], "texture": "#0"},
				"east": {"uv": [3.5, 11.5, 4, 12], "texture": "#0"},
				"south": {"uv": [5, 9, 6.5, 9.5], "texture": "#0"},
				"west": {"uv": [7.25, 13.25, 7.75, 13.75], "texture": "#0"},
				"up": {"uv": [8, 9.5, 6.5, 9], "texture": "#0"},
				"down": {"uv": [10.75, 0, 9.25, 0.5], "texture": "#0"}
			}
		},
		{
			"from": [5, 26, 1],
			"to": [11, 28, 3],
			"rotation": {"angle": 0, "axis": "y", "origin": [8, 14, 7.99767]},
			"faces": {
				"north": {"uv": [9.25, 0.5, 10.75, 1], "texture": "#0"},
				"east": {"uv": [8.5, 13.25, 9, 13.75], "texture": "#0"},
				"south": {"uv": [9.25, 1, 10.75, 1.5], "texture": "#0"},
				"west": {"uv": [9, 13.25, 9.5, 13.75], "texture": "#0"},
				"up": {"uv": [10.75, 2, 9.25, 1.5], "texture": "#0"},
				"down": {"uv": [10.75, 2, 9.25, 2.5], "texture": "#0"}
			}
		},
		{
			"from": [3, 0, 3],
			"to": [13, 2, 13],
			"rotation": {"angle": 0, "axis": "x", "origin": [8, 14, 7.99767]},
			"faces": {
				"north": {"uv": [7.5, 4.5, 10, 5], "texture": "#0"},
				"east": {"uv": [7.5, 5, 10, 5.5], "texture": "#0"},
				"south": {"uv": [7.5, 5.5, 10, 6], "texture": "#0"},
				"west": {"uv": [6, 7.5, 8.5, 8], "texture": "#0"},
				"up": {"uv": [2.5, 2.5, 0, 0], "texture": "#0"},
				"down": {"uv": [2.5, 2.5, 0, 5], "texture": "#0"}
			}
		},
		{
			"from": [13, 0, 5],
			"to": [15, 2, 11],
			"rotation": {"angle": 0, "axis": "y", "origin": [8, 14, 7.99767]},
			"faces": {
				"north": {"uv": [11, 13.25, 11.5, 13.75], "texture": "#0"},
				"east": {"uv": [9.25, 2.5, 10.75, 3], "texture": "#0"},
				"south": {"uv": [13.25, 12.25, 13.75, 12.75], "texture": "#0"},
				"west": {"uv": [0, 9.5, 1.5, 10], "texture": "#0"},
				"up": {"uv": [8.5, 10.5, 8, 9], "texture": "#0"},
				"down": {"uv": [2, 9.5, 1.5, 11], "texture": "#0"}
			}
		},
		{
			"from": [7, 2, 13],
			"to": [9, 8, 15],
			"rotation": {"angle": 0, "axis": "y", "origin": [8, 14, 7.99767]},
			"faces": {
				"north": {"uv": [5, 9.5, 5.5, 11], "texture": "#0"},
				"east": {"uv": [5.5, 9.5, 6, 11], "texture": "#0"},
				"south": {"uv": [6, 9.5, 6.5, 11], "texture": "#0"},
				"west": {"uv": [6.5, 9.5, 7, 11], "texture": "#0"},
				"up": {"uv": [14, 1, 13.5, 0.5], "texture": "#0"},
				"down": {"uv": [1.75, 13.5, 1.25, 14], "texture": "#0"}
			}
		},
		{
			"from": [13, 2, 7],
			"to": [15, 8, 9],
			"rotation": {"angle": 0, "axis": "y", "origin": [8, 14, 7.99767]},
			"faces": {
				"north": {"uv": [7, 9.5, 7.5, 11], "texture": "#0"},
				"east": {"uv": [7.5, 9.5, 8, 11], "texture": "#0"},
				"south": {"uv": [8.5, 9.5, 9, 11], "texture": "#0"},
				"west": {"uv": [9, 9.5, 9.5, 11], "texture": "#0"},
				"up": {"uv": [2.25, 14, 1.75, 13.5], "texture": "#0"},
				"down": {"uv": [14, 1.75, 13.5, 2.25], "texture": "#0"}
			}
		},
		{
			"from": [1, 2, 7],
			"to": [3, 8, 9],
			"rotation": {"angle": 0, "axis": "y", "origin": [8, 14, 7.99767]},
			"faces": {
				"north": {"uv": [9.5, 9.5, 10, 11], "texture": "#0"},
				"east": {"uv": [9.75, 7.5, 10.25, 9], "texture": "#0"},
				"south": {"uv": [0, 10, 0.5, 11.5], "texture": "#0"},
				"west": {"uv": [0.5, 10, 1, 11.5], "texture": "#0"},
				"up": {"uv": [2.75, 14, 2.25, 13.5], "texture": "#0"},
				"down": {"uv": [14, 2.25, 13.5, 2.75], "texture": "#0"}
			}
		},
		{
			"from": [7, 2, 1],
			"to": [9, 8, 3],
			"rotation": {"angle": 0, "axis": "y", "origin": [8, 14, 7.99767]},
			"faces": {
				"north": {"uv": [1, 10, 1.5, 11.5], "texture": "#0"},
				"east": {"uv": [2, 10, 2.5, 11.5], "texture": "#0"},
				"south": {"uv": [2.5, 10, 3, 11.5], "texture": "#0"},
				"west": {"uv": [3, 10, 3.5, 11.5], "texture": "#0"},
				"up": {"uv": [14, 3.25, 13.5, 2.75], "texture": "#0"},
				"down": {"uv": [14, 3.25, 13.5, 3.75], "texture": "#0"}
			}
		},
		{
			"from": [1, 10.40216, 8.59221],
			"to": [3, 13.40216, 11.59221],
			"rotation": {"angle": 45, "axis": "x", "origin": [8, 14, 7.99767]},
			"faces": {
				"north": {"uv": [8, 12, 8.5, 12.75], "texture": "#0"},
				"east": {"uv": [8.5, 11, 9.25, 11.75], "texture": "#0"},
				"south": {"uv": [11.5, 12, 12, 12.75], "texture": "#0"},
				"west": {"uv": [9.25, 11, 10, 11.75], "texture": "#0"},
				"up": {"uv": [12.5, 12.75, 12, 12], "texture": "#0"},
				"down": {"uv": [0.5, 12.25, 0, 13], "texture": "#0"}
			}
		},
		{
			"from": [0.7, 12.7, 6.7],
			"to": [3.3, 15.2, 9.3],
			"rotation": {"angle": 0, "axis": "y", "origin": [8, 14, 7.99767]},
			"faces": {
				"north": {"uv": [5, 4.5, 5.75, 5], "texture": "#0"},
				"east": {"uv": [11, 4, 11.75, 4.5], "texture": "#0"},
				"south": {"uv": [12.25, 0, 13, 0.5], "texture": "#0"},
				"west": {"uv": [0.5, 12.25, 1.25, 12.75], "texture": "#0"},
				"up": {"uv": [10.75, 11.75, 10, 11], "texture": "#0"},
				"down": {"uv": [11.5, 11, 10.75, 11.75], "texture": "#0"}
			}
		},
		{
			"from": [0.2, 11.9, 6.2],
			"to": [3.8, 12.7, 9.8],
			"rotation": {"angle": 0, "axis": "y", "origin": [8, 14, 7.99767]},
			"faces": {
				"north": {"uv": [13.5, 3.75, 14.5, 4], "texture": "#0"},
				"east": {"uv": [13.5, 4, 14.5, 4.25], "texture": "#0"},
				"south": {"uv": [13.5, 4.5, 14.5, 4.75], "texture": "#0"},
				"west": {"uv": [13.5, 4.75, 14.5, 5], "texture": "#0"},
				"up": {"uv": [9, 4, 8, 3], "texture": "#0"},
				"down": {"uv": [4.75, 8, 3.75, 9], "texture": "#0"}
			}
		},
		{
			"from": [1, 14.70216, 4.29221],
			"to": [3, 17.70216, 7.29221],
			"rotation": {"angle": 45, "axis": "x", "origin": [8, 14, 7.99767]},
			"faces": {
				"north": {"uv": [2, 12.25, 2.5, 13], "texture": "#0"},
				"east": {"uv": [11.25, 0.5, 12, 1.25], "texture": "#0"},
				"south": {"uv": [12.25, 2, 12.75, 2.75], "texture": "#0"},
				"west": {"uv": [11.25, 1.25, 12, 2], "texture": "#0"},
				"up": {"uv": [3, 13, 2.5, 12.25], "texture": "#0"},
				"down": {"uv": [3.5, 12.25, 3, 13], "texture": "#0"}
			}
		},
		{
			"from": [0.9, 8.97703, 2.978],
			"to": [3.1, 10.97703, 4.978],
			"rotation": {"angle": -45, "axis": "x", "origin": [8, 14, 7.99767]},
			"faces": {
				"north": {"uv": [3.5, 13.5, 4, 14], "texture": "#0"},
				"east": {"uv": [13.5, 5, 14, 5.5], "texture": "#0"},
				"south": {"uv": [13.5, 5.5, 14, 6], "texture": "#0"},
				"west": {"uv": [13.5, 6, 14, 6.5], "texture": "#0"},
				"up": {"uv": [14, 7, 13.5, 6.5], "texture": "#0"},
				"down": {"uv": [8.25, 13.5, 7.75, 14], "texture": "#0"}
			}
		},
		{
			"from": [1, 20, 7],
			"to": [3, 26, 9],
			"rotation": {"angle": 0, "axis": "y", "origin": [8, 14, 7.99767]},
			"faces": {
				"north": {"uv": [3.5, 10, 4, 11.5], "texture": "#0"},
				"east": {"uv": [10, 4, 10.5, 5.5], "texture": "#0"},
				"south": {"uv": [10, 5.5, 10.5, 7], "texture": "#0"},
				"west": {"uv": [10, 9, 10.5, 10.5], "texture": "#0"},
				"up": {"uv": [14, 8.25, 13.5, 7.75], "texture": "#0"},
				"down": {"uv": [14, 8.25, 13.5, 8.75], "texture": "#0"}
			}
		},
		{
			"from": [13, 10.40216, 8.59221],
			"to": [15, 13.40216, 11.59221],
			"rotation": {"angle": 45, "axis": "x", "origin": [8, 14, 7.99767]},
			"faces": {
				"north": {"uv": [12.25, 4.75, 12.75, 5.5], "texture": "#0"},
				"east": {"uv": [11.25, 7, 12, 7.75], "texture": "#0"},
				"south": {"uv": [12.25, 5.5, 12.75, 6.25], "texture": "#0"},
				"west": {"uv": [11.25, 7.75, 12, 8.5], "texture": "#0"},
				"up": {"uv": [12.75, 11, 12.25, 10.25], "texture": "#0"},
				"down": {"uv": [12.75, 11, 12.25, 11.75], "texture": "#0"}
			}
		},
		{
			"from": [0.9, 16.97703, 10.978],
			"to": [3.1, 18.97703, 12.978],
			"rotation": {"angle": -45, "axis": "x", "origin": [8, 14, 7.99767]},
			"faces": {
				"north": {"uv": [9.5, 13.5, 10, 14], "texture": "#0"},
				"east": {"uv": [10, 13.5, 10.5, 14], "texture": "#0"},
				"south": {"uv": [10.5, 13.5, 11, 14], "texture": "#0"},
				"west": {"uv": [12, 13.5, 12.5, 14], "texture": "#0"},
				"up": {"uv": [13, 14, 12.5, 13.5], "texture": "#0"},
				"down": {"uv": [14, 12.75, 13.5, 13.25], "texture": "#0"}
			}
		},
		{
			"from": [12.7, 12.7, 6.7],
			"to": [15.3, 15.2, 9.3],
			"rotation": {"angle": 0, "axis": "y", "origin": [8, 14, 7.99767]},
			"faces": {
				"north": {"uv": [1.25, 12.5, 2, 13], "texture": "#0"},
				"east": {"uv": [12.5, 2.75, 13.25, 3.25], "texture": "#0"},
				"south": {"uv": [12.5, 3.25, 13.25, 3.75], "texture": "#0"},
				"west": {"uv": [5, 12.5, 5.75, 13], "texture": "#0"},
				"up": {"uv": [0.75, 12.25, 0, 11.5], "texture": "#0"},
				"down": {"uv": [1.5, 11.5, 0.75, 12.25], "texture": "#0"}
			}
		},
		{
			"from": [13, 14.70216, 4.29221],
			"to": [15, 17.70216, 7.29221],
			"rotation": {"angle": 45, "axis": "x", "origin": [8, 14, 7.99767]},
			"faces": {
				"north": {"uv": [5.75, 12.5, 6.25, 13.25], "texture": "#0"},
				"east": {"uv": [2, 11.5, 2.75, 12.25], "texture": "#0"},
				"south": {"uv": [6.25, 12.5, 6.75, 13.25], "texture": "#0"},
				"west": {"uv": [2.75, 11.5, 3.5, 12.25], "texture": "#0"},
				"up": {"uv": [7.25, 13.25, 6.75, 12.5], "texture": "#0"},
				"down": {"uv": [7.75, 12.5, 7.25, 13.25], "texture": "#0"}
			}
		},
		{
			"from": [12.2, 11.9, 6.2],
			"to": [15.8, 12.7, 9.8],
			"rotation": {"angle": 0, "axis": "y", "origin": [8, 14, 7.99767]},
			"faces": {
				"north": {"uv": [13, 13.5, 14, 13.75], "texture": "#0"},
				"east": {"uv": [13.5, 13.25, 14.5, 13.5], "texture": "#0"},
				"south": {"uv": [8.5, 13.75, 9.5, 14], "texture": "#0"},
				"west": {"uv": [13.75, 8.75, 14.75, 9], "texture": "#0"},
				"up": {"uv": [5.75, 9, 4.75, 8], "texture": "#0"},
				"down": {"uv": [6.75, 8, 5.75, 9], "texture": "#0"}
			}
		},
		{
			"from": [12.9, 16.97703, 10.978],
			"to": [15.1, 18.97703, 12.978],
			"rotation": {"angle": -45, "axis": "x", "origin": [8, 14, 7.99767]},
			"faces": {
				"north": {"uv": [0.5, 13.75, 1, 14.25], "texture": "#0"},
				"east": {"uv": [7.25, 13.75, 7.75, 14.25], "texture": "#0"},
				"south": {"uv": [13.75, 9, 14.25, 9.5], "texture": "#0"},
				"west": {"uv": [13.75, 9.5, 14.25, 10], "texture": "#0"},
				"up": {"uv": [14.25, 10.5, 13.75, 10], "texture": "#0"},
				"down": {"uv": [14.25, 10.5, 13.75, 11], "texture": "#0"}
			}
		},
		{
			"from": [13, 20, 7],
			"to": [15, 26, 9],
			"rotation": {"angle": 0, "axis": "y", "origin": [8, 14, 7.99767]},
			"faces": {
				"north": {"uv": [10.25, 7, 10.75, 8.5], "texture": "#0"},
				"east": {"uv": [10.5, 3, 11, 4.5], "texture": "#0"},
				"south": {"uv": [4, 10.5, 4.5, 12], "texture": "#0"},
				"west": {"uv": [4.5, 10.5, 5, 12], "texture": "#0"},
				"up": {"uv": [11.5, 14.25, 11, 13.75], "texture": "#0"},
				"down": {"uv": [14.25, 11, 13.75, 11.5], "texture": "#0"}
			}
		},
		{
			"from": [1, 26, 5],
			"to": [3, 28, 11],
			"rotation": {"angle": 0, "axis": "y", "origin": [8, 14, 7.99767]},
			"faces": {
				"north": {"uv": [13.75, 12.25, 14.25, 12.75], "texture": "#0"},
				"east": {"uv": [10.25, 8.5, 11.75, 9], "texture": "#0"},
				"south": {"uv": [13, 13.75, 13.5, 14.25], "texture": "#0"},
				"west": {"uv": [10.5, 4.5, 12, 5], "texture": "#0"},
				"up": {"uv": [11, 6.5, 10.5, 5], "texture": "#0"},
				"down": {"uv": [8.5, 10.5, 8, 12], "texture": "#0"}
			}
		},
		{
			"from": [5, 26, 13],
			"to": [11, 28, 15],
			"rotation": {"angle": 0, "axis": "y", "origin": [8, 14, 7.99767]},
			"faces": {
				"north": {"uv": [10.5, 6.5, 12, 7], "texture": "#0"},
				"east": {"uv": [13.5, 13.75, 14, 14.25], "texture": "#0"},
				"south": {"uv": [10.5, 9, 12, 9.5], "texture": "#0"},
				"west": {"uv": [14, 0.5, 14.5, 1], "texture": "#0"},
				"up": {"uv": [12, 10, 10.5, 9.5], "texture": "#0"},
				"down": {"uv": [11.5, 10.5, 10, 11], "texture": "#0"}
			}
		},
		{
			"from": [13, 26, 5],
			"to": [15, 28, 11],
			"rotation": {"angle": 0, "axis": "y", "origin": [8, 14, 7.99767]},
			"faces": {
				"north": {"uv": [1, 14, 1.5, 14.5], "texture": "#0"},
				"east": {"uv": [10.5, 10, 12, 10.5], "texture": "#0"},
				"south": {"uv": [14, 1, 14.5, 1.5], "texture": "#0"},
				"west": {"uv": [10.75, 0, 12.25, 0.5], "texture": "#0"},
				"up": {"uv": [11.25, 2, 10.75, 0.5], "texture": "#0"},
				"down": {"uv": [11.25, 7, 10.75, 8.5], "texture": "#0"}
			}
		},
		{
			"from": [3, 26, 3],
			"to": [13, 28, 13],
			"rotation": {"angle": 0, "axis": "y", "origin": [8, 14, 7.99767]},
			"faces": {
				"north": {"uv": [7.5, 6, 10, 6.5], "texture": "#0"},
				"east": {"uv": [7.5, 6.5, 10, 7], "texture": "#0"},
				"south": {"uv": [7.5, 7, 10, 7.5], "texture": "#0"},
				"west": {"uv": [0, 8, 2.5, 8.5], "texture": "#0"},
				"up": {"uv": [5, 2.5, 2.5, 0], "texture": "#0"},
				"down": {"uv": [5, 2.5, 2.5, 5], "texture": "#0"}
			}
		},
		{
			"from": [5, 0, 1],
			"to": [11, 2, 3],
			"rotation": {"angle": 0, "axis": "y", "origin": [8, 14, 7.99767]},
			"faces": {
				"north": {"uv": [10.75, 2, 12.25, 2.5], "texture": "#0"},
				"east": {"uv": [1.5, 14, 2, 14.5], "texture": "#0"},
				"south": {"uv": [10.75, 2.5, 12.25, 3], "texture": "#0"},
				"west": {"uv": [14, 1.75, 14.5, 2.25], "texture": "#0"},
				"up": {"uv": [12.5, 3.5, 11, 3], "texture": "#0"},
				"down": {"uv": [12.5, 3.5, 11, 4], "texture": "#0"}
			}
		},
		{
			"from": [12.9, 8.97703, 2.978],
			"to": [15.1, 10.97703, 4.978],
			"rotation": {"angle": -45, "axis": "x", "origin": [8, 14, 7.99767]},
			"faces": {
				"north": {"uv": [2, 14, 2.5, 14.5], "texture": "#0"},
				"east": {"uv": [14, 2.25, 14.5, 2.75], "texture": "#0"},
				"south": {"uv": [14, 2.75, 14.5, 3.25], "texture": "#0"},
				"west": {"uv": [14, 3.25, 14.5, 3.75], "texture": "#0"},
				"up": {"uv": [4, 14.5, 3.5, 14], "texture": "#0"},
				"down": {"uv": [14.5, 5, 14, 5.5], "texture": "#0"}
			}
		},
		{
			"from": [10.96396, 9.02132, 12.9],
			"to": [12.96396, 11.02132, 15.1],
			"rotation": {"angle": -45, "axis": "z", "origin": [8, 14, 7.99767]},
			"faces": {
				"north": {"uv": [14, 5.5, 14.5, 6], "texture": "#0"},
				"east": {"uv": [14, 6, 14.5, 6.5], "texture": "#0"},
				"south": {"uv": [14, 6.5, 14.5, 7], "texture": "#0"},
				"west": {"uv": [7.75, 14, 8.25, 14.5], "texture": "#0"},
				"up": {"uv": [14.5, 8.25, 14, 7.75], "texture": "#0"},
				"down": {"uv": [14.5, 8.25, 14, 8.75], "texture": "#0"}
			}
		},
		{
			"from": [7, 20, 13],
			"to": [9, 26, 15],
			"rotation": {"angle": 0, "axis": "y", "origin": [8, 14, 7.99767]},
			"faces": {
				"north": {"uv": [1.5, 11, 2, 12.5], "texture": "#0"},
				"east": {"uv": [5, 11, 5.5, 12.5], "texture": "#0"},
				"south": {"uv": [11, 5, 11.5, 6.5], "texture": "#0"},
				"west": {"uv": [5.5, 11, 6, 12.5], "texture": "#0"},
				"up": {"uv": [9, 14.5, 8.5, 14], "texture": "#0"},
				"down": {"uv": [9.5, 14, 9, 14.5], "texture": "#0"}
			}
		},
		{
			"from": [4.33884, 14.74645, 12.99533],
			"to": [7.33884, 17.74645, 14.99533],
			"rotation": {"angle": -45, "axis": "z", "origin": [8, 14, 7.99767]},
			"faces": {
				"north": {"uv": [11.5, 5, 12.25, 5.75], "texture": "#0"},
				"east": {"uv": [8.5, 12.5, 9, 13.25], "texture": "#0"},
				"south": {"uv": [11.5, 5.75, 12.25, 6.5], "texture": "#0"},
				"west": {"uv": [9, 12.5, 9.5, 13.25], "texture": "#0"},
				"up": {"uv": [10.25, 13, 9.5, 12.5], "texture": "#0"},
				"down": {"uv": [11, 12.5, 10.25, 13], "texture": "#0"}
			}
		},
		{
			"from": [6.7, 12.7, 12.7],
			"to": [9.3, 15.2, 15.3],
			"rotation": {"angle": 0, "axis": "y", "origin": [8, 14, 7.99767]},
			"faces": {
				"north": {"uv": [12.5, 11.75, 13.25, 12.25], "texture": "#0"},
				"east": {"uv": [12.5, 12.25, 13.25, 12.75], "texture": "#0"},
				"south": {"uv": [0.5, 12.75, 1.25, 13.25], "texture": "#0"},
				"west": {"uv": [12.75, 0.5, 13.5, 1], "texture": "#0"},
				"up": {"uv": [12.25, 11.25, 11.5, 10.5], "texture": "#0"},
				"down": {"uv": [12.25, 11.25, 11.5, 12], "texture": "#0"}
			}
		},
		{
			"from": [6.2, 11.9, 12.2],
			"to": [9.8, 12.7, 15.8],
			"rotation": {"angle": 0, "axis": "y", "origin": [8, 14, 7.99767]},
			"faces": {
				"north": {"uv": [13.75, 11.5, 14.75, 11.75], "texture": "#0"},
				"east": {"uv": [9.5, 14, 10.5, 14.25], "texture": "#0"},
				"south": {"uv": [12, 14, 13, 14.25], "texture": "#0"},
				"west": {"uv": [14, 12.75, 15, 13], "texture": "#0"},
				"up": {"uv": [7.75, 9, 6.75, 8], "texture": "#0"},
				"down": {"uv": [8.75, 8, 7.75, 9], "texture": "#0"}
			}
		},
		{
			"from": [2.86396, 17.02132, 12.9],
			"to": [4.86396, 19.02132, 15.1],
			"rotation": {"angle": -45, "axis": "z", "origin": [8, 14, 7.99767]},
			"faces": {
				"north": {"uv": [10.5, 14, 11, 14.5], "texture": "#0"},
				"east": {"uv": [14, 13.5, 14.5, 14], "texture": "#0"},
				"south": {"uv": [14, 14, 14.5, 14.5], "texture": "#0"},
				"west": {"uv": [0.5, 14.25, 1, 14.75], "texture": "#0"},
				"up": {"uv": [7.75, 14.75, 7.25, 14.25], "texture": "#0"},
				"down": {"uv": [14.75, 9, 14.25, 9.5], "texture": "#0"}
			}
		},
		{
			"from": [8.73884, 10.34645, 12.99533],
			"to": [11.73884, 13.34645, 14.99533],
			"rotation": {"angle": -45, "axis": "z", "origin": [8, 14, 7.99767]},
			"faces": {
				"north": {"uv": [8.5, 11.75, 9.25, 12.5], "texture": "#0"},
				"east": {"uv": [11, 12.5, 11.5, 13.25], "texture": "#0"},
				"south": {"uv": [9.25, 11.75, 10, 12.5], "texture": "#0"},
				"west": {"uv": [12.75, 1, 13.25, 1.75], "texture": "#0"},
				"up": {"uv": [13.5, 2.25, 12.75, 1.75], "texture": "#0"},
				"down": {"uv": [13.5, 2.25, 12.75, 2.75], "texture": "#0"}
			}
		},
		{
			"from": [10.96396, 9.02132, 0.9],
			"to": [12.96396, 11.02132, 3.1],
			"rotation": {"angle": -45, "axis": "z", "origin": [8, 14, 7.99767]},
			"faces": {
				"north": {"uv": [9.5, 14.25, 10, 14.75], "texture": "#0"},
				"east": {"uv": [14.25, 9.5, 14.75, 10], "texture": "#0"},
				"south": {"uv": [10, 14.25, 10.5, 14.75], "texture": "#0"},
				"west": {"uv": [14.25, 10, 14.75, 10.5], "texture": "#0"},
				"up": {"uv": [14.75, 11, 14.25, 10.5], "texture": "#0"},
				"down": {"uv": [11.5, 14.25, 11, 14.75], "texture": "#0"}
			}
		},
		{
			"from": [8.73884, 10.34645, 0.99533],
			"to": [11.73884, 13.34645, 2.99533],
			"rotation": {"angle": -45, "axis": "z", "origin": [8, 14, 7.99767]},
			"faces": {
				"north": {"uv": [10, 11.75, 10.75, 12.5], "texture": "#0"},
				"east": {"uv": [3.5, 12.75, 4, 13.5], "texture": "#0"},
				"south": {"uv": [10.75, 11.75, 11.5, 12.5], "texture": "#0"},
				"west": {"uv": [12.75, 3.75, 13.25, 4.5], "texture": "#0"},
				"up": {"uv": [4.75, 13.25, 4, 12.75], "texture": "#0"},
				"down": {"uv": [13.5, 4.5, 12.75, 5], "texture": "#0"}
			}
		},
		{
			"from": [6.2, 11.9, 0.2],
			"to": [9.8, 12.7, 3.8],
			"rotation": {"angle": 0, "axis": "y", "origin": [8, 14, 7.99767]},
			"faces": {
				"north": {"uv": [14, 13, 15, 13.25], "texture": "#0"},
				"east": {"uv": [14.25, 11, 15.25, 11.25], "texture": "#0"},
				"south": {"uv": [14.25, 11.25, 15.25, 11.5], "texture": "#0"},
				"west": {"uv": [11.5, 14.25, 12.5, 14.5], "texture": "#0"},
				"up": {"uv": [1, 9.5, 0, 8.5], "texture": "#0"},
				"down": {"uv": [2, 8.5, 1, 9.5], "texture": "#0"}
			}
		},
		{
			"from": [6.7, 12.7, 0.7],
			"to": [9.3, 15.2, 3.3],
			"rotation": {"angle": 0, "axis": "y", "origin": [8, 14, 7.99767]},
			"faces": {
				"north": {"uv": [12.75, 5, 13.5, 5.5], "texture": "#0"},
				"east": {"uv": [12.75, 5.5, 13.5, 6], "texture": "#0"},
				"south": {"uv": [12.75, 6, 13.5, 6.5], "texture": "#0"},
				"west": {"uv": [12.75, 6.5, 13.5, 7], "texture": "#0"},
				"up": {"uv": [12.75, 1.25, 12, 0.5], "texture": "#0"},
				"down": {"uv": [12.75, 1.25, 12, 2], "texture": "#0"}
			}
		},
		{
			"from": [4.33884, 14.74645, 0.99533],
			"to": [7.33884, 17.74645, 2.99533],
			"rotation": {"angle": -45, "axis": "z", "origin": [8, 14, 7.99767]},
			"faces": {
				"north": {"uv": [3.5, 12, 4.25, 12.75], "texture": "#0"},
				"east": {"uv": [12.75, 7, 13.25, 7.75], "texture": "#0"},
				"south": {"uv": [12, 4, 12.75, 4.75], "texture": "#0"},
				"west": {"uv": [7.75, 12.75, 8.25, 13.5], "texture": "#0"},
				"up": {"uv": [13.5, 8.25, 12.75, 7.75], "texture": "#0"},
				"down": {"uv": [13.5, 8.25, 12.75, 8.75], "texture": "#0"}
			}
		},
		{
			"from": [2.86396, 17.02132, 0.9],
			"to": [4.86396, 19.02132, 3.1],
			"rotation": {"angle": -45, "axis": "z", "origin": [8, 14, 7.99767]},
			"faces": {
				"north": {"uv": [14.25, 12.25, 14.75, 12.75], "texture": "#0"},
				"east": {"uv": [12.5, 14.25, 13, 14.75], "texture": "#0"},
				"south": {"uv": [13, 14.25, 13.5, 14.75], "texture": "#0"},
				"west": {"uv": [13.5, 14.25, 14, 14.75], "texture": "#0"},
				"up": {"uv": [0.5, 15, 0, 14.5], "texture": "#0"},
				"down": {"uv": [15, 0, 14.5, 0.5], "texture": "#0"}
			}
		},
		{
			"from": [4, 2, 5],
			"to": [5, 8, 11],
			"rotation": {"angle": 0, "axis": "y", "origin": [8, 14, 7.99767]},
			"faces": {
				"north": {"uv": [4.75, 12.75, 5, 14.25], "texture": "#0"},
				"east": {"uv": [0, 5, 1.5, 6.5], "texture": "#0"},
				"south": {"uv": [8.25, 12.75, 8.5, 14.25], "texture": "#0"},
				"west": {"uv": [5, 0, 6.5, 1.5], "texture": "#0"},
				"up": {"uv": [13, 10.25, 12.75, 8.75], "texture": "#0"},
				"down": {"uv": [13, 10.25, 12.75, 11.75], "texture": "#0"}
			}
		},
		{
			"from": [5, 2, 4],
			"to": [11, 8, 5],
			"rotation": {"angle": 0, "axis": "y", "origin": [8, 14, 7.99767]},
			"faces": {
				"north": {"uv": [1.5, 5, 3, 6.5], "texture": "#0"},
				"east": {"uv": [11.5, 12.75, 11.75, 14.25], "texture": "#0"},
				"south": {"uv": [5, 1.5, 6.5, 3], "texture": "#0"},
				"west": {"uv": [11.75, 12.75, 12, 14.25], "texture": "#0"},
				"up": {"uv": [13.5, 13, 12, 12.75], "texture": "#0"},
				"down": {"uv": [14.5, 0, 13, 0.25], "texture": "#0"}
			}
		},
		{
			"from": [5, 2, 11],
			"to": [11, 8, 12],
			"rotation": {"angle": 0, "axis": "y", "origin": [8, 14, 7.99767]},
			"faces": {
				"north": {"uv": [3, 5, 4.5, 6.5], "texture": "#0"},
				"east": {"uv": [0, 13, 0.25, 14.5], "texture": "#0"},
				"south": {"uv": [5, 3, 6.5, 4.5], "texture": "#0"},
				"west": {"uv": [0.25, 13, 0.5, 14.5], "texture": "#0"},
				"up": {"uv": [14.5, 0.5, 13, 0.25], "texture": "#0"},
				"down": {"uv": [2.75, 13, 1.25, 13.25], "texture": "#0"}
			}
		},
		{
			"from": [11, 2, 5],
			"to": [12, 8, 11],
			"rotation": {"angle": 0, "axis": "y", "origin": [8, 14, 7.99767]},
			"faces": {
				"north": {"uv": [2.75, 13, 3, 14.5], "texture": "#0"},
				"east": {"uv": [4.5, 5, 6, 6.5], "texture": "#0"},
				"south": {"uv": [3, 13, 3.25, 14.5], "texture": "#0"},
				"west": {"uv": [6, 4.5, 7.5, 6], "texture": "#0"},
				"up": {"uv": [3.5, 14.5, 3.25, 13], "texture": "#0"},
				"down": {"uv": [5.25, 13, 5, 14.5], "texture": "#0"}
			}
		},
		{
			"from": [11, 8, 6],
			"to": [12, 9, 10],
			"rotation": {"angle": 0, "axis": "y", "origin": [8, 14, 7.99767]},
			"faces": {
				"north": {"uv": [5.75, 4.5, 6, 4.75], "texture": "#0"},
				"east": {"uv": [14.5, 0.5, 15.5, 0.75], "texture": "#0"},
				"south": {"uv": [5.75, 4.75, 6, 5], "texture": "#0"},
				"west": {"uv": [14.5, 0.75, 15.5, 1], "texture": "#0"},
				"up": {"uv": [2.75, 15, 2.5, 14], "texture": "#0"},
				"down": {"uv": [5, 14.25, 4.75, 15.25], "texture": "#0"}
			}
		},
		{
			"from": [6, 8, 4],
			"to": [10, 9, 5],
			"rotation": {"angle": 0, "axis": "y", "origin": [8, 14, 7.99767]},
			"faces": {
				"north": {"uv": [1, 14.5, 2, 14.75], "texture": "#0"},
				"east": {"uv": [8.5, 7.5, 8.75, 7.75], "texture": "#0"},
				"south": {"uv": [14.5, 1, 15.5, 1.25], "texture": "#0"},
				"west": {"uv": [8.5, 7.75, 8.75, 8], "texture": "#0"},
				"up": {"uv": [15.5, 1.5, 14.5, 1.25], "texture": "#0"},
				"down": {"uv": [15.5, 1.75, 14.5, 2], "texture": "#0"}
			}
		},
		{
			"from": [6, 8, 11],
			"to": [10, 9, 12],
			"rotation": {"angle": 0, "axis": "y", "origin": [8, 14, 7.99767]},
			"faces": {
				"north": {"uv": [14.5, 2, 15.5, 2.25], "texture": "#0"},
				"east": {"uv": [8.5, 9, 8.75, 9.25], "texture": "#0"},
				"south": {"uv": [14.5, 2.25, 15.5, 2.5], "texture": "#0"},
				"west": {"uv": [8.5, 9.25, 8.75, 9.5], "texture": "#0"},
				"up": {"uv": [15.5, 2.75, 14.5, 2.5], "texture": "#0"},
				"down": {"uv": [3.75, 14.5, 2.75, 14.75], "texture": "#0"}
			}
		},
		{
			"from": [5, 8, 10],
			"to": [6, 9, 11],
			"rotation": {"angle": 0, "axis": "y", "origin": [8, 14, 7.99767]},
			"faces": {
				"north": {"uv": [9.75, 9, 10, 9.25], "texture": "#0"},
				"east": {"uv": [9.75, 9.25, 10, 9.5], "texture": "#0"},
				"south": {"uv": [10, 7, 10.25, 7.25], "texture": "#0"},
				"west": {"uv": [10, 7.25, 10.25, 7.5], "texture": "#0"},
				"up": {"uv": [12, 4.25, 11.75, 4], "texture": "#0"},
				"down": {"uv": [12, 4.25, 11.75, 4.5], "texture": "#0"}
			}
		},
		{
			"from": [10, 8, 10],
			"to": [11, 9, 11],
			"rotation": {"angle": 0, "axis": "y", "origin": [8, 14, 7.99767]},
			"faces": {
				"north": {"uv": [11.75, 8.5, 12, 8.75], "texture": "#0"},
				"east": {"uv": [11.75, 8.75, 12, 9], "texture": "#0"},
				"south": {"uv": [12, 4.75, 12.25, 5], "texture": "#0"},
				"west": {"uv": [12, 10.25, 12.25, 10.5], "texture": "#0"},
				"up": {"uv": [1.5, 12.5, 1.25, 12.25], "texture": "#0"},
				"down": {"uv": [12.5, 2.75, 12.25, 3], "texture": "#0"}
			}
		},
		{
			"from": [10, 8, 5],
			"to": [11, 9, 6],
			"rotation": {"angle": 0, "axis": "y", "origin": [8, 14, 7.99767]},
			"faces": {
				"north": {"uv": [12.25, 6.25, 12.5, 6.5], "texture": "#0"},
				"east": {"uv": [12.25, 11.75, 12.5, 12], "texture": "#0"},
				"south": {"uv": [12.5, 3.75, 12.75, 4], "texture": "#0"},
				"west": {"uv": [12.5, 6.25, 12.75, 6.5], "texture": "#0"},
				"up": {"uv": [8, 12.75, 7.75, 12.5], "texture": "#0"},
				"down": {"uv": [1.25, 13.75, 1, 14], "texture": "#0"}
			}
		},
		{
			"from": [5, 9, 6],
			"to": [10, 10, 10],
			"rotation": {"angle": 0, "axis": "y", "origin": [8, 14, 7.99767]},
			"faces": {
				"north": {"uv": [13.25, 7.25, 14.5, 7.5], "texture": "#0"},
				"east": {"uv": [14.5, 2.75, 15.5, 3], "texture": "#0"},
				"south": {"uv": [13.25, 7.5, 14.5, 7.75], "texture": "#0"},
				"west": {"uv": [14.5, 3, 15.5, 3.25], "texture": "#0"},
				"up": {"uv": [9.25, 1, 8, 0], "texture": "#0"},
				"down": {"uv": [9.25, 1, 8, 2], "texture": "#0"}
			}
		},
		{
			"from": [5, 8, 5],
			"to": [6, 9, 6],
			"rotation": {"angle": 0, "axis": "y", "origin": [8, 14, 7.99767]},
			"faces": {
				"north": {"uv": [5.5, 14.5, 5.75, 14.75], "texture": "#0"},
				"east": {"uv": [4.5, 14.75, 4.75, 15], "texture": "#0"},
				"south": {"uv": [7.5, 14.75, 7.75, 15], "texture": "#0"},
				"west": {"uv": [14.75, 10, 15, 10.25], "texture": "#0"},
				"up": {"uv": [15, 10.5, 14.75, 10.25], "texture": "#0"},
				"down": {"uv": [15, 10.5, 14.75, 10.75], "texture": "#0"}
			}
		},
		{
			"from": [10, 9, 6],
			"to": [11, 10, 10],
			"rotation": {"angle": 0, "axis": "y", "origin": [8, 14, 7.99767]},
			"faces": {
				"north": {"uv": [14.75, 10.75, 15, 11], "texture": "#0"},
				"east": {"uv": [14.5, 3.25, 15.5, 3.5], "texture": "#0"},
				"south": {"uv": [11, 14.75, 11.25, 15], "texture": "#0"},
				"west": {"uv": [14.5, 3.5, 15.5, 3.75], "texture": "#0"},
				"up": {"uv": [8.5, 15.25, 8.25, 14.25], "texture": "#0"},
				"down": {"uv": [2.25, 14.5, 2, 15.5], "texture": "#0"}
			}
		},
		{
			"from": [6, 9, 10],
			"to": [10, 10, 11],
			"rotation": {"angle": 0, "axis": "y", "origin": [8, 14, 7.99767]},
			"faces": {
				"north": {"uv": [14.5, 3.75, 15.5, 4], "texture": "#0"},
				"east": {"uv": [11.25, 14.75, 11.5, 15], "texture": "#0"},
				"south": {"uv": [14.5, 4, 15.5, 4.25], "texture": "#0"},
				"west": {"uv": [11.5, 14.75, 11.75, 15], "texture": "#0"},
				"up": {"uv": [15.5, 4.75, 14.5, 4.5], "texture": "#0"},
				"down": {"uv": [15.5, 4.75, 14.5, 5], "texture": "#0"}
			}
		},
		{
			"from": [6, 9, 5],
			"to": [10, 10, 6],
			"rotation": {"angle": 0, "axis": "y", "origin": [8, 14, 7.99767]},
			"faces": {
				"north": {"uv": [14.5, 5, 15.5, 5.25], "texture": "#0"},
				"east": {"uv": [14.75, 11.5, 15, 11.75], "texture": "#0"},
				"south": {"uv": [14.5, 5.25, 15.5, 5.5], "texture": "#0"},
				"west": {"uv": [11.75, 14.75, 12, 15], "texture": "#0"},
				"up": {"uv": [15.5, 5.75, 14.5, 5.5], "texture": "#0"},
				"down": {"uv": [15.5, 5.75, 14.5, 6], "texture": "#0"}
			}
		},
		{
			"from": [6.5, 11, 6.5],
			"to": [9.5, 13, 9.5],
			"rotation": {"angle": 0, "axis": "y", "origin": [8, 14, 7.99767]},
			"faces": {
				"north": {"uv": [13, 8.75, 13.75, 9.25], "texture": "#0"},
				"east": {"uv": [13, 9.25, 13.75, 9.75], "texture": "#0"},
				"south": {"uv": [9.5, 13, 10.25, 13.5], "texture": "#0"},
				"west": {"uv": [13, 9.75, 13.75, 10.25], "texture": "#0"},
				"up": {"uv": [5, 12.75, 4.25, 12], "texture": "#0"},
				"down": {"uv": [12.75, 6.5, 12, 7.25], "texture": "#0"}
			}
		},
		{
			"from": [6, 10, 6],
			"to": [10, 11, 10],
			"rotation": {"angle": 0, "axis": "y", "origin": [8, 14, 7.99767]},
			"faces": {
				"north": {"uv": [14.5, 6, 15.5, 6.25], "texture": "#0"},
				"east": {"uv": [14.5, 6.25, 15.5, 6.5], "texture": "#0"},
				"south": {"uv": [14.5, 6.5, 15.5, 6.75], "texture": "#0"},
				"west": {"uv": [14.5, 6.75, 15.5, 7], "texture": "#0"},
				"up": {"uv": [9.75, 8.5, 8.75, 7.5], "texture": "#0"},
				"down": {"uv": [9.75, 8.5, 8.75, 9.5], "texture": "#0"}
			}
		},
		{
			"from": [4, 19, 6],
			"to": [5, 20, 10],
			"rotation": {"angle": 0, "axis": "y", "origin": [8, 14, 7.99767]},
			"faces": {
				"north": {"uv": [12, 14.75, 12.25, 15], "texture": "#0"},
				"east": {"uv": [14.5, 7.25, 15.5, 7.5], "texture": "#0"},
				"south": {"uv": [12.25, 14.75, 12.5, 15], "texture": "#0"},
				"west": {"uv": [14.5, 7.5, 15.5, 7.75], "texture": "#0"},
				"up": {"uv": [2.5, 15.5, 2.25, 14.5], "texture": "#0"},
				"down": {"uv": [4, 14.5, 3.75, 15.5], "texture": "#0"}
			}
		},
		{
			"from": [5, 18, 6],
			"to": [10, 19, 10],
			"rotation": {"angle": 0, "axis": "y", "origin": [8, 14, 7.99767]},
			"faces": {
				"north": {"uv": [13.25, 11.75, 14.5, 12], "texture": "#0"},
				"east": {"uv": [14.5, 7.75, 15.5, 8], "texture": "#0"},
				"south": {"uv": [13.25, 12, 14.5, 12.25], "texture": "#0"},
				"west": {"uv": [14.5, 8, 15.5, 8.25], "texture": "#0"},
				"up": {"uv": [9.25, 3, 8, 2], "texture": "#0"},
				"down": {"uv": [3.75, 8, 2.5, 9], "texture": "#0"}
			}
		},
		{
			"from": [6.5, 15, 6.5],
			"to": [9.5, 17, 9.5],
			"rotation": {"angle": 0, "axis": "y", "origin": [8, 14, 7.99767]},
			"faces": {
				"north": {"uv": [10.25, 13, 11, 13.5], "texture": "#0"},
				"east": {"uv": [13, 10.25, 13.75, 10.75], "texture": "#0"},
				"south": {"uv": [13, 10.75, 13.75, 11.25], "texture": "#0"},
				"west": {"uv": [13, 11.25, 13.75, 11.75], "texture": "#0"},
				"up": {"uv": [12.75, 8, 12, 7.25], "texture": "#0"},
				"down": {"uv": [12.75, 8, 12, 8.75], "texture": "#0"}
			}
		},
		{
			"from": [6, 17, 6],
			"to": [10, 18, 10],
			"rotation": {"angle": 0, "axis": "y", "origin": [8, 14, 7.99767]},
			"faces": {
				"north": {"uv": [14.5, 8.25, 15.5, 8.5], "texture": "#0"},
				"east": {"uv": [8.5, 14.5, 9.5, 14.75], "texture": "#0"},
				"south": {"uv": [14.5, 8.5, 15.5, 8.75], "texture": "#0"},
				"west": {"uv": [11.5, 14.5, 12.5, 14.75], "texture": "#0"},
				"up": {"uv": [3, 10, 2, 9], "texture": "#0"},
				"down": {"uv": [4, 9, 3, 10], "texture": "#0"}
			}
		},
		{
			"from": [5, 19, 5],
			"to": [6, 20, 6],
			"rotation": {"angle": 0, "axis": "y", "origin": [8, 14, 7.99767]},
			"faces": {
				"north": {"uv": [14.75, 12.25, 15, 12.5], "texture": "#0"},
				"east": {"uv": [12.5, 14.75, 12.75, 15], "texture": "#0"},
				"south": {"uv": [14.75, 12.5, 15, 12.75], "texture": "#0"},
				"west": {"uv": [12.75, 14.75, 13, 15], "texture": "#0"},
				"up": {"uv": [13.25, 15, 13, 14.75], "texture": "#0"},
				"down": {"uv": [13.5, 14.75, 13.25, 15], "texture": "#0"}
			}
		},
		{
			"from": [6, 19, 4],
			"to": [10, 20, 5],
			"rotation": {"angle": 0, "axis": "y", "origin": [8, 14, 7.99767]},
			"faces": {
				"north": {"uv": [14.5, 11.75, 15.5, 12], "texture": "#0"},
				"east": {"uv": [13.5, 14.75, 13.75, 15], "texture": "#0"},
				"south": {"uv": [14.5, 12, 15.5, 12.25], "texture": "#0"},
				"west": {"uv": [13.75, 14.75, 14, 15], "texture": "#0"},
				"up": {"uv": [15.5, 13.5, 14.5, 13.25], "texture": "#0"},
				"down": {"uv": [15.5, 13.5, 14.5, 13.75], "texture": "#0"}
			}
		},
		{
			"from": [6.7, 13, 6.7],
			"to": [9.3, 15, 9.3],
			"rotation": {"angle": 0, "axis": "y", "origin": [8, 14, 7.99767]},
			"faces": {
				"north": {"uv": [12, 13, 12.75, 13.5], "texture": "#0"},
				"east": {"uv": [12.75, 13, 13.5, 13.5], "texture": "#0"},
				"south": {"uv": [0.5, 13.25, 1.25, 13.75], "texture": "#0"},
				"west": {"uv": [13.25, 1, 14, 1.5], "texture": "#0"},
				"up": {"uv": [12.75, 9.5, 12, 8.75], "texture": "#0"},
				"down": {"uv": [12.75, 9.5, 12, 10.25], "texture": "#0"}
			}
		},
		{
			"from": [6, 18, 5],
			"to": [10, 19, 6],
			"rotation": {"angle": 0, "axis": "y", "origin": [8, 14, 7.99767]},
			"faces": {
				"north": {"uv": [14.5, 13.75, 15.5, 14], "texture": "#0"},
				"east": {"uv": [14, 14.75, 14.25, 15], "texture": "#0"},
				"south": {"uv": [14, 14.5, 15, 14.75], "texture": "#0"},
				"west": {"uv": [14.25, 14.75, 14.5, 15], "texture": "#0"},
				"up": {"uv": [15.5, 14.25, 14.5, 14], "texture": "#0"},
				"down": {"uv": [15.5, 14.25, 14.5, 14.5], "texture": "#0"}
			}
		},
		{
			"from": [10, 18, 6],
			"to": [11, 19, 10],
			"rotation": {"angle": 0, "axis": "y", "origin": [8, 14, 7.99767]},
			"faces": {
				"north": {"uv": [14.5, 14.75, 14.75, 15], "texture": "#0"},
				"east": {"uv": [0.5, 14.75, 1.5, 15], "texture": "#0"},
				"south": {"uv": [14.75, 14.75, 15, 15], "texture": "#0"},
				"west": {"uv": [14.75, 1.5, 15.75, 1.75], "texture": "#0"},
				"up": {"uv": [5.25, 15.5, 5, 14.5], "texture": "#0"},
				"down": {"uv": [5.5, 14.5, 5.25, 15.5], "texture": "#0"}
			}
		},
		{
			"from": [10, 19, 5],
			"to": [11, 20, 6],
			"rotation": {"angle": 0, "axis": "y", "origin": [8, 14, 7.99767]},
			"faces": {
				"north": {"uv": [0, 15, 0.25, 15.25], "texture": "#0"},
				"east": {"uv": [15, 0, 15.25, 0.25], "texture": "#0"},
				"south": {"uv": [0.25, 15, 0.5, 15.25], "texture": "#0"},
				"west": {"uv": [15, 0.25, 15.25, 0.5], "texture": "#0"},
				"up": {"uv": [0.75, 15.25, 0.5, 15], "texture": "#0"},
				"down": {"uv": [1, 15, 0.75, 15.25], "texture": "#0"}
			}
		},
		{
			"from": [6, 18, 10],
			"to": [10, 19, 11],
			"rotation": {"angle": 0, "axis": "y", "origin": [8, 14, 7.99767]},
			"faces": {
				"north": {"uv": [2.75, 14.75, 3.75, 15], "texture": "#0"},
				"east": {"uv": [1, 15, 1.25, 15.25], "texture": "#0"},
				"south": {"uv": [14.75, 4.25, 15.75, 4.5], "texture": "#0"},
				"west": {"uv": [1.25, 15, 1.5, 15.25], "texture": "#0"},
				"up": {"uv": [6.5, 15, 5.5, 14.75], "texture": "#0"},
				"down": {"uv": [7.5, 14.75, 6.5, 15], "texture": "#0"}
			}
		},
		{
			"from": [10, 19, 10],
			"to": [11, 20, 11],
			"rotation": {"angle": 0, "axis": "y", "origin": [8, 14, 7.99767]},
			"faces": {
				"north": {"uv": [2.5, 15, 2.75, 15.25], "texture": "#0"},
				"east": {"uv": [2.75, 15, 3, 15.25], "texture": "#0"},
				"south": {"uv": [3, 15, 3.25, 15.25], "texture": "#0"},
				"west": {"uv": [3.25, 15, 3.5, 15.25], "texture": "#0"},
				"up": {"uv": [3.75, 15.25, 3.5, 15], "texture": "#0"},
				"down": {"uv": [4.75, 15, 4.5, 15.25], "texture": "#0"}
			}
		},
		{
			"from": [11, 19, 6],
			"to": [12, 20, 10],
			"rotation": {"angle": 0, "axis": "y", "origin": [8, 14, 7.99767]},
			"faces": {
				"north": {"uv": [5.5, 15, 5.75, 15.25], "texture": "#0"},
				"east": {"uv": [14.75, 7, 15.75, 7.25], "texture": "#0"},
				"south": {"uv": [5.75, 15, 6, 15.25], "texture": "#0"},
				"west": {"uv": [8.5, 14.75, 9.5, 15], "texture": "#0"},
				"up": {"uv": [8, 15.5, 7.75, 14.5], "texture": "#0"},
				"down": {"uv": [8.25, 14.5, 8, 15.5], "texture": "#0"}
			}
		},
		{
			"from": [5, 19, 10],
			"to": [6, 20, 11],
			"rotation": {"angle": 0, "axis": "y", "origin": [8, 14, 7.99767]},
			"faces": {
				"north": {"uv": [6, 15, 6.25, 15.25], "texture": "#0"},
				"east": {"uv": [6.25, 15, 6.5, 15.25], "texture": "#0"},
				"south": {"uv": [6.5, 15, 6.75, 15.25], "texture": "#0"},
				"west": {"uv": [6.75, 15, 7, 15.25], "texture": "#0"},
				"up": {"uv": [7.25, 15.25, 7, 15], "texture": "#0"},
				"down": {"uv": [7.5, 15, 7.25, 15.25], "texture": "#0"}
			}
		},
		{
			"from": [6, 19, 11],
			"to": [10, 20, 12],
			"rotation": {"angle": 0, "axis": "y", "origin": [8, 14, 7.99767]},
			"faces": {
				"north": {"uv": [14.75, 8.75, 15.75, 9], "texture": "#0"},
				"east": {"uv": [7.5, 15, 7.75, 15.25], "texture": "#0"},
				"south": {"uv": [14.75, 9, 15.75, 9.25], "texture": "#0"},
				"west": {"uv": [8.5, 15, 8.75, 15.25], "texture": "#0"},
				"up": {"uv": [15.75, 9.5, 14.75, 9.25], "texture": "#0"},
				"down": {"uv": [10.5, 14.75, 9.5, 15], "texture": "#0"}
			}
		},
		{
			"from": [5, 20, 11],
			"to": [11, 26, 12],
			"rotation": {"angle": 0, "axis": "y", "origin": [8, 14, 7.99767]},
			"faces": {
				"north": {"uv": [6, 6, 7.5, 7.5], "texture": "#0"},
				"east": {"uv": [5.25, 13, 5.5, 14.5], "texture": "#0"},
				"south": {"uv": [0, 6.5, 1.5, 8], "texture": "#0"},
				"west": {"uv": [5.5, 13, 5.75, 14.5], "texture": "#0"},
				"up": {"uv": [2.75, 13.5, 1.25, 13.25], "texture": "#0"},
				"down": {"uv": [14.75, 1.5, 13.25, 1.75], "texture": "#0"}
			}
		},
		{
			"from": [4, 20, 5],
			"to": [5, 26, 11],
			"rotation": {"angle": 0, "axis": "y", "origin": [8, 14, 7.99767]},
			"faces": {
				"north": {"uv": [13.25, 2.75, 13.5, 4.25], "texture": "#0"},
				"east": {"uv": [6.5, 0, 8, 1.5], "texture": "#0"},
				"south": {"uv": [4, 13.25, 4.25, 14.75], "texture": "#0"},
				"west": {"uv": [1.5, 6.5, 3, 8], "texture": "#0"},
				"up": {"uv": [4.5, 14.75, 4.25, 13.25], "texture": "#0"},
				"down": {"uv": [4.75, 13.25, 4.5, 14.75], "texture": "#0"}
			}
		},
		{
			"from": [11, 20, 5],
			"to": [12, 26, 11],
			"rotation": {"angle": 0, "axis": "y", "origin": [8, 14, 7.99767]},
			"faces": {
				"north": {"uv": [5.75, 13.25, 6, 14.75], "texture": "#0"},
				"east": {"uv": [6.5, 1.5, 8, 3], "texture": "#0"},
				"south": {"uv": [6, 13.25, 6.25, 14.75], "texture": "#0"},
				"west": {"uv": [3, 6.5, 4.5, 8], "texture": "#0"},
				"up": {"uv": [6.5, 14.75, 6.25, 13.25], "texture": "#0"},
				"down": {"uv": [6.75, 13.25, 6.5, 14.75], "texture": "#0"}
			}
		},
		{
			"from": [5, 20, 4],
			"to": [11, 26, 5],
			"rotation": {"angle": 0, "axis": "y", "origin": [8, 14, 7.99767]},
			"faces": {
				"north": {"uv": [6.5, 3, 8, 4.5], "texture": "#0"},
				"east": {"uv": [6.75, 13.25, 7, 14.75], "texture": "#0"},
				"south": {"uv": [4.5, 6.5, 6, 8], "texture": "#0"},
				"west": {"uv": [7, 13.25, 7.25, 14.75], "texture": "#0"},
				"up": {"uv": [14.75, 4.5, 13.25, 4.25], "texture": "#0"},
				"down": {"uv": [14.75, 7, 13.25, 7.25], "texture": "#0"}
			}
		},
		{
			"from": [4, 8, 6],
			"to": [5, 9, 10],
			"rotation": {"angle": 0, "axis": "y", "origin": [8, 14, 7.99767]},
			"faces": {
				"north": {"uv": [8.75, 15, 9, 15.25], "texture": "#0"},
				"east": {"uv": [14.75, 9.5, 15.75, 9.75], "texture": "#0"},
				"south": {"uv": [9, 15, 9.25, 15.25], "texture": "#0"},
				"west": {"uv": [14.75, 9.75, 15.75, 10], "texture": "#0"},
				"up": {"uv": [10.75, 15.5, 10.5, 14.5], "texture": "#0"},
				"down": {"uv": [11, 14.5, 10.75, 15.5], "texture": "#0"}
			}
		},
		{
			"from": [7, 20, 1],
			"to": [9, 26, 3],
			"rotation": {"angle": 0, "axis": "y", "origin": [8, 14, 7.99767]},
			"faces": {
				"north": {"uv": [6, 11, 6.5, 12.5], "texture": "#0"},
				"east": {"uv": [6.5, 11, 7, 12.5], "texture": "#0"},
				"south": {"uv": [7, 11, 7.5, 12.5], "texture": "#0"},
				"west": {"uv": [7.5, 11, 8, 12.5], "texture": "#0"},
				"up": {"uv": [2, 15.25, 1.5, 14.75], "texture": "#0"},
				"down": {"uv": [4.5, 14.75, 4, 15.25], "texture": "#0"}
			}
		}
	],
	"display": {
		"thirdperson_righthand": {
			"translation": [0, 3.25, 0],
			"scale": [0.35, 0.35, 0.35]
		},
		"thirdperson_lefthand": {
			"scale": [0.35, 0.35, 0.35]
		},
		"firstperson_righthand": {
			"translation": [4.5, -0.25, 0],
			"scale": [0.4, 0.4, 0.4]
		},
		"firstperson_lefthand": {
			"rotation": [-3, 0, 0],
			"translation": [1.75, 0, 0.25],
			"scale": [0.4, 0.4, 0.4]
		},
		"ground": {
			"translation": [0, -1.75, 0],
			"scale": [0.4, 0.4, 0.4]
		},
		"gui": {
			"rotation": [35, 51, -25],
			"translation": [-1, -3, 0],
			"scale": [0.5, 0.5, 0.5]
		},
		"head": {
			"translation": [0.75, 14.5, 0]
		},
		"fixed": {
			"rotation": [-90, 40, 0],
			"translation": [1.25, -0.75, -8]
		}
	},
	"groups": [
		{
			"name": "group",
			"origin": [8, 8, 8],
			"color": 0,
			"children": [
				0,
				1,
				2,
				3,
				4,
				5,
				6,
				7,
				8,
				9,
				10,
				11,
				12,
				13,
				14,
				15,
				16,
				17,
				18,
				19,
				20,
				21,
				22,
				23,
				24,
				25,
				26,
				27,
				28,
				29,
				30,
				31,
				32,
				33,
				34,
				35,
				36,
				37,
				38,
				39,
				40,
				41,
				42,
				43,
				44,
				45,
				46,
				47,
				48,
				49,
				50,
				51,
				52,
				53,
				54,
				55,
				56,
				57,
				58,
				59,
				60,
				61,
				62,
				63,
				64,
				65,
				66,
				67,
				68,
				69,
				70,
				71,
				72,
				73,
				74,
				75,
				76,
				77,
				78
			]
		}
	]
}