{
	"credit": "Made with Blockbench",
	"texture_size": [64, 64],
	"textures": {
		"0": "./hat",
		"particle": "./hat"
	},
	"elements": [
		{
			"from": [4, 1, 12],
			"to": [12, 2, 12.3],
			"faces": {
				"north": {"uv": [7.25, 1, 9.25, 1.25], "texture": "#0"},
				"east": {"uv": [2, 6, 2.25, 6.25], "texture": "#0"},
				"south": {"uv": [7.25, 1.25, 9.25, 1.5], "texture": "#0"},
				"west": {"uv": [2.25, 6, 2.5, 6.25], "texture": "#0"},
				"up": {"uv": [9.25, 1.75, 7.25, 1.5], "texture": "#0"},
				"down": {"uv": [9.25, 1.75, 7.25, 2], "texture": "#0"}
			}
		},
		{
			"from": [12, 1, 3.7],
			"to": [12.3, 2, 12.3],
			"faces": {
				"north": {"uv": [2.5, 6, 2.75, 6.25], "texture": "#0"},
				"east": {"uv": [7, 0.5, 9.25, 0.75], "texture": "#0"},
				"south": {"uv": [2.75, 6, 3, 6.25], "texture": "#0"},
				"west": {"uv": [7, 0.75, 9.25, 1], "texture": "#0"},
				"up": {"uv": [7.25, 3.25, 7, 1], "texture": "#0"},
				"down": {"uv": [7.25, 3.25, 7, 5.5], "texture": "#0"}
			}
		},
		{
			"from": [2, 0, 2],
			"to": [14, 1, 14],
			"faces": {
				"north": {"uv": [4, 6.5, 7, 6.75], "texture": "#0"},
				"east": {"uv": [4, 6.75, 7, 7], "texture": "#0"},
				"south": {"uv": [7, 0, 10, 0.25], "texture": "#0"},
				"west": {"uv": [7, 0.25, 10, 0.5], "texture": "#0"},
				"up": {"uv": [3, 3, 0, 0], "texture": "#0"},
				"down": {"uv": [3, 3, 0, 6], "texture": "#0"}
			}
		},
		{
			"from": [4, 1, 4],
			"to": [12, 14, 12],
			"faces": {
				"north": {"uv": [3, 0, 5, 3.25], "texture": "#0"},
				"east": {"uv": [3, 3.25, 5, 6.5], "texture": "#0"},
				"south": {"uv": [5, 0, 7, 3.25], "texture": "#0"},
				"west": {"uv": [5, 3.25, 7, 6.5], "texture": "#0"},
				"up": {"uv": [2, 8, 0, 6], "texture": "#0"},
				"down": {"uv": [4, 6.5, 2, 8.5], "texture": "#0"}
			}
		},
		{
			"from": [3.7, 1, 3.7],
			"to": [4, 2, 12.3],
			"faces": {
				"north": {"uv": [2, 6.25, 2.25, 6.5], "texture": "#0"},
				"east": {"uv": [4, 7, 6.25, 7.25], "texture": "#0"},
				"south": {"uv": [2.25, 6.25, 2.5, 6.5], "texture": "#0"},
				"west": {"uv": [7, 5.5, 9.25, 5.75], "texture": "#0"},
				"up": {"uv": [7.25, 8, 7, 5.75], "texture": "#0"},
				"down": {"uv": [6.5, 7, 6.25, 9.25], "texture": "#0"}
			}
		},
		{
			"from": [4, 1, 3.7],
			"to": [12, 2, 4],
			"faces": {
				"north": {"uv": [7.25, 2, 9.25, 2.25], "texture": "#0"},
				"east": {"uv": [2.5, 6.25, 2.75, 6.5], "texture": "#0"},
				"south": {"uv": [7.25, 2.25, 9.25, 2.5], "texture": "#0"},
				"west": {"uv": [2.75, 6.25, 3, 6.5], "texture": "#0"},
				"up": {"uv": [9.25, 2.75, 7.25, 2.5], "texture": "#0"},
				"down": {"uv": [9.25, 2.75, 7.25, 3], "texture": "#0"}
			}
		}
	],
	"display": {
		"thirdperson_righthand": {
			"translation": [1.75, 4.25, 0]
		},
		"thirdperson_lefthand": {
			"translation": [3.25, 4.75, 0]
		},
		"firstperson_righthand": {
			"translation": [6, 5.75, 0]
		},
		"firstperson_lefthand": {
			"translation": [4.25, 4.75, 0]
		},
		"ground": {
			"translation": [0, 5.5, 0]
		},
		"gui": {
			"rotation": [30.13, 47.21, -8.51],
			"translation": [0.5, 1, 0],
			"scale": [0.9, 0.9, 0.9]
		},
		"head": {
			"rotation": [15.98, -0.97, 11.16],
			"translation": [-2.75, 13.75, 3],
			"scale": [2, 2, 2]
		},
		"fixed": {
			"rotation": [-90, 0, 0],
			"translation": [0, 0, -7.75]
		}
	},
	"groups": [
		{
			"name": "group",
			"origin": [8, 8, 8],
			"color": 0,
			"children": [0, 1, 2, 3, 4, 5]
		}
	]
}