{
	"credit": "Made with Blockbench",
	"texture_size": [32, 32],
	"textures": {
		"0": "./umbrella",
		"particle": "./umbrella"
	},
	"elements": [
		{
			"from": [12, 8, 8.5],
			"to": [12.8, 14, 8.5],
			"rotation": {"angle": 0, "axis": "y", "origin": [8, 1, 9]},
			"faces": {
				"north": {"uv": [7.5, 4, 8, 7], "texture": "#0"},
				"east": {"uv": [0, 0, 0, 3], "texture": "#0"},
				"south": {"uv": [7.5, 7, 8, 10], "texture": "#0"},
				"west": {"uv": [0, 0, 0, 3], "texture": "#0"},
				"up": {"uv": [0.5, 0, 0, 0], "texture": "#0"},
				"down": {"uv": [0.5, 0, 0, 0], "texture": "#0"}
			}
		},
		{
			"from": [7, 8, 6],
			"to": [12, 20, 11],
			"rotation": {"angle": 0, "axis": "y", "origin": [8, 1, 9]},
			"faces": {
				"north": {"uv": [0, 0, 2.5, 6], "texture": "#0"},
				"east": {"uv": [2.5, 0, 5, 6], "texture": "#0"},
				"south": {"uv": [5, 0, 7.5, 6], "texture": "#0"},
				"west": {"uv": [0, 6, 2.5, 12], "texture": "#0"},
				"up": {"uv": [5, 8.5, 2.5, 6], "texture": "#0"},
				"down": {"uv": [7.5, 6, 5, 8.5], "texture": "#0"}
			}
		},
		{
			"from": [9.6, 8, 4.4],
			"to": [9.6, 11, 5.2],
			"rotation": {"angle": 0, "axis": "y", "origin": [6.6, 3, 8.5]},
			"faces": {
				"north": {"uv": [0, 0, 0, 1.5], "texture": "#0"},
				"east": {"uv": [6, 8.5, 6.5, 10], "texture": "#0"},
				"south": {"uv": [0, 0, 0, 1.5], "texture": "#0"},
				"west": {"uv": [6.5, 8.5, 7, 10], "texture": "#0"},
				"up": {"uv": [0, 0.5, 0, 0], "texture": "#0"},
				"down": {"uv": [0, 0, 0, 0.5], "texture": "#0"}
			}
		},
		{
			"from": [9.6, 8, 5.2],
			"to": [9.6, 14, 6],
			"rotation": {"angle": 0, "axis": "y", "origin": [6.6, 3, 8.5]},
			"faces": {
				"north": {"uv": [0, 0, 0, 3], "texture": "#0"},
				"east": {"uv": [8, 4, 8.5, 7], "texture": "#0"},
				"south": {"uv": [0, 0, 0, 3], "texture": "#0"},
				"west": {"uv": [8, 7, 8.5, 10], "texture": "#0"},
				"up": {"uv": [0, 0.5, 0, 0], "texture": "#0"},
				"down": {"uv": [0, 0, 0, 0.5], "texture": "#0"}
			}
		},
		{
			"from": [9.6, 8, 11],
			"to": [9.6, 14, 11.8],
			"rotation": {"angle": 0, "axis": "y", "origin": [6.6, 3, 8.5]},
			"faces": {
				"north": {"uv": [0, 0, 0, 3], "texture": "#0"},
				"east": {"uv": [2.5, 8.5, 3, 11.5], "texture": "#0"},
				"south": {"uv": [0, 0, 0, 3], "texture": "#0"},
				"west": {"uv": [3, 8.5, 3.5, 11.5], "texture": "#0"},
				"up": {"uv": [0, 0.5, 0, 0], "texture": "#0"},
				"down": {"uv": [0, 0, 0, 0.5], "texture": "#0"}
			}
		},
		{
			"from": [5.5, 8, 8.5],
			"to": [6.2, 11, 8.5],
			"rotation": {"angle": 0, "axis": "y", "origin": [8, 1, 9]},
			"faces": {
				"north": {"uv": [7, 8.5, 7.5, 10], "texture": "#0"},
				"east": {"uv": [0, 0, 0, 1.5], "texture": "#0"},
				"south": {"uv": [8.5, 8.5, 9, 10], "texture": "#0"},
				"west": {"uv": [0, 0, 0, 1.5], "texture": "#0"},
				"up": {"uv": [0.5, 0, 0, 0], "texture": "#0"},
				"down": {"uv": [0.5, 0, 0, 0], "texture": "#0"}
			}
		},
		{
			"from": [9.6, 8, 11.8],
			"to": [9.6, 11, 12.6],
			"rotation": {"angle": 0, "axis": "y", "origin": [6.6, 3, 8.5]},
			"faces": {
				"north": {"uv": [0, 0, 0, 1.5], "texture": "#0"},
				"east": {"uv": [9, 4, 9.5, 5.5], "texture": "#0"},
				"south": {"uv": [0, 0, 0, 1.5], "texture": "#0"},
				"west": {"uv": [9, 8.5, 9.5, 10], "texture": "#0"},
				"up": {"uv": [0, 0.5, 0, 0], "texture": "#0"},
				"down": {"uv": [0, 0, 0, 0.5], "texture": "#0"}
			}
		},
		{
			"from": [7.5, 20, 6.5],
			"to": [11.5, 21, 10.5],
			"rotation": {"angle": 0, "axis": "y", "origin": [8, 1, 9]},
			"faces": {
				"north": {"uv": [8.5, 6.5, 10.5, 7], "texture": "#0"},
				"east": {"uv": [8.5, 7, 10.5, 7.5], "texture": "#0"},
				"south": {"uv": [8.5, 7.5, 10.5, 8], "texture": "#0"},
				"west": {"uv": [8.5, 8, 10.5, 8.5], "texture": "#0"},
				"up": {"uv": [9.5, 2, 7.5, 0], "texture": "#0"},
				"down": {"uv": [9.5, 2, 7.5, 4], "texture": "#0"}
			}
		},
		{
			"from": [12.8, 8, 8.5],
			"to": [13.5, 11, 8.5],
			"rotation": {"angle": 0, "axis": "y", "origin": [8, 1, 9]},
			"faces": {
				"north": {"uv": [9.5, 0, 10, 1.5], "texture": "#0"},
				"east": {"uv": [0, 0, 0, 1.5], "texture": "#0"},
				"south": {"uv": [9.5, 1.5, 10, 3], "texture": "#0"},
				"west": {"uv": [0, 0, 0, 1.5], "texture": "#0"},
				"up": {"uv": [0.5, 0, 0, 0], "texture": "#0"},
				"down": {"uv": [0.5, 0, 0, 0], "texture": "#0"}
			}
		},
		{
			"from": [6.2, 8, 8.5],
			"to": [7, 14, 8.5],
			"rotation": {"angle": 0, "axis": "y", "origin": [8, 1, 9]},
			"faces": {
				"north": {"uv": [3.5, 8.5, 4, 11.5], "texture": "#0"},
				"east": {"uv": [0, 0, 0, 3], "texture": "#0"},
				"south": {"uv": [4, 8.5, 4.5, 11.5], "texture": "#0"},
				"west": {"uv": [0, 0, 0, 3], "texture": "#0"},
				"up": {"uv": [0.5, 0, 0, 0], "texture": "#0"},
				"down": {"uv": [0.5, 0, 0, 0], "texture": "#0"}
			}
		},
		{
			"from": [9, 21, 8],
			"to": [10, 24, 9],
			"rotation": {"angle": 0, "axis": "y", "origin": [8, 1, 9]},
			"faces": {
				"north": {"uv": [9.5, 3, 10, 4.5], "texture": "#0"},
				"east": {"uv": [9.5, 4.5, 10, 6], "texture": "#0"},
				"south": {"uv": [9.5, 8.5, 10, 10], "texture": "#0"},
				"west": {"uv": [10, 0, 10.5, 1.5], "texture": "#0"},
				"up": {"uv": [10, 6.5, 9.5, 6], "texture": "#0"},
				"down": {"uv": [10.5, 4.5, 10, 5], "texture": "#0"}
			}
		},
		{
			"from": [9, 3, 10],
			"to": [10, 5, 11],
			"rotation": {"angle": 0, "axis": "y", "origin": [8, 1, 9]},
			"faces": {
				"north": {"uv": [9, 5.5, 9.5, 6.5], "texture": "#0"},
				"east": {"uv": [10, 1.5, 10.5, 2.5], "texture": "#0"},
				"south": {"uv": [10, 2.5, 10.5, 3.5], "texture": "#0"},
				"west": {"uv": [10, 3.5, 10.5, 4.5], "texture": "#0"},
				"up": {"uv": [10.5, 5.5, 10, 5], "texture": "#0"},
				"down": {"uv": [10.5, 5.5, 10, 6], "texture": "#0"}
			}
		},
		{
			"from": [9, 3, 9],
			"to": [10, 4, 10],
			"rotation": {"angle": 0, "axis": "y", "origin": [8, 1, 9]},
			"faces": {
				"north": {"uv": [6, 10, 6.5, 10.5], "texture": "#0"},
				"east": {"uv": [10, 6, 10.5, 6.5], "texture": "#0"},
				"south": {"uv": [6.5, 10, 7, 10.5], "texture": "#0"},
				"west": {"uv": [7, 10, 7.5, 10.5], "texture": "#0"},
				"up": {"uv": [8, 10.5, 7.5, 10], "texture": "#0"},
				"down": {"uv": [8.5, 10, 8, 10.5], "texture": "#0"}
			}
		},
		{
			"from": [9, 3, 8],
			"to": [10, 8, 9],
			"rotation": {"angle": 0, "axis": "y", "origin": [8, 1, 9]},
			"faces": {
				"north": {"uv": [8.5, 4, 9, 6.5], "texture": "#0"},
				"east": {"uv": [4.5, 8.5, 5, 11], "texture": "#0"},
				"south": {"uv": [5, 8.5, 5.5, 11], "texture": "#0"},
				"west": {"uv": [5.5, 8.5, 6, 11], "texture": "#0"},
				"up": {"uv": [9, 10.5, 8.5, 10], "texture": "#0"},
				"down": {"uv": [10.5, 8.5, 10, 9], "texture": "#0"}
			}
		}
	],
	"display": {
		"thirdperson_righthand": {
			"rotation": [179.79, -3.16, 179.4],
			"translation": [2.25, 1.5, 2]
		},
		"thirdperson_lefthand": {
			"rotation": [180, 0, 180],
			"translation": [-1.5, 2, 1.75]
		},
		"firstperson_righthand": {
			"translation": [0.75, 1.5, 0],
			"scale": [0.7, 0.7, 0.7]
		},
		"firstperson_lefthand": {
			"rotation": [133, 0, 0],
			"translation": [3.25, 0.5, 0]
		},
		"ground": {
			"translation": [-1.75, 0.25, -1]
		},
		"gui": {
			"rotation": [40.03, 19.06, -27.04],
			"translation": [-3, -3, 0],
			"scale": [0.9, 0.9, 0.9]
		},
		"head": {
			"translation": [-1.75, 12, 0]
		},
		"fixed": {
			"rotation": [0, 90, 0],
			"translation": [-0.5, -4.5, 2],
			"scale": [0.8, 0.8, 0.8]
		}
	},
	"groups": [
		{
			"name": "group",
			"origin": [8, 8, 8],
			"color": 0,
			"children": [0, 1, 2, 3, 4, 5, 6, 7, 8, 9, 10, 11, 12, 13]
		}
	]
}