{
	"credit": "Made with Blockbench",
	"texture_size": [32, 32],
	"textures": {
		"0": "./stare",
		"particle": "./stare"
	},
	"elements": [
		{
			"from": [6, 1, 6],
			"to": [8, 4, 8],
			"rotation": {"angle": 0, "axis": "y", "origin": [7, 6, 7]},
			"faces": {
				"north": {"uv": [6, 6, 7, 7.5], "texture": "#0"},
				"east": {"uv": [7, 6, 8, 7.5], "texture": "#0"},
				"south": {"uv": [0, 7.5, 1, 9], "texture": "#0"},
				"west": {"uv": [7.5, 0, 8.5, 1.5], "texture": "#0"},
				"up": {"uv": [2, 8.5, 1, 7.5], "texture": "#0"},
				"down": {"uv": [8.5, 1.5, 7.5, 2.5], "texture": "#0"}
			}
		},
		{
			"from": [5.5, 0, 5.5],
			"to": [8.5, 1, 8.5],
			"rotation": {"angle": 0, "axis": "y", "origin": [7, 6, 7]},
			"faces": {
				"north": {"uv": [2, 7.5, 3.5, 8], "texture": "#0"},
				"east": {"uv": [7.5, 2.5, 9, 3], "texture": "#0"},
				"south": {"uv": [7.5, 3, 9, 3.5], "texture": "#0"},
				"west": {"uv": [3.5, 7.5, 5, 8], "texture": "#0"},
				"up": {"uv": [7.5, 1.5, 6, 0], "texture": "#0"},
				"down": {"uv": [7.5, 1.5, 6, 3], "texture": "#0"}
			}
		},
		{
			"from": [5.5, 4, 5.5],
			"to": [8.5, 19, 8.5],
			"rotation": {"angle": 0, "axis": "y", "origin": [7, 6, 7]},
			"faces": {
				"north": {"uv": [0, 0, 1.5, 7.5], "texture": "#0"},
				"east": {"uv": [1.5, 0, 3, 7.5], "texture": "#0"},
				"south": {"uv": [3, 0, 4.5, 7.5], "texture": "#0"},
				"west": {"uv": [4.5, 0, 6, 7.5], "texture": "#0"},
				"up": {"uv": [7.5, 4.5, 6, 3], "texture": "#0"},
				"down": {"uv": [7.5, 4.5, 6, 6], "texture": "#0"}
			}
		}
	],
	"display": {
		"thirdperson_righthand": {
			"translation": [1.25, 3.5, 0.5]
		},
		"thirdperson_lefthand": {
			"translation": [0, 4, 1]
		},
		"firstperson_righthand": {
			"rotation": [-7.75, 0, 0],
			"translation": [5.75, 4.75, 0]
		},
		"firstperson_lefthand": {
			"rotation": [-11, 0, 0],
			"translation": [0, 6.75, 1.25]
		},
		"ground": {
			"translation": [0, 4.5, 0]
		},
		"gui": {
			"rotation": [52, 25, -38],
			"translation": [0, -1.5, 0]
		},
		"head": {
			"translation": [0, 15.75, 0]
		},
		"fixed": {
			"translation": [1, -1.25, 0]
		}
	},
	"groups": [
		{
			"name": "group",
			"origin": [8, 8, 8],
			"color": 0,
			"children": [0, 1, 2]
		}
	]
}